;Common_name;Scientific_name;Former_genus;Biome;Food;Foraging_site;Nest_type;Nest_site;Nest_parasitation;Notes;superficy;upperalt;loweralt;movement
1;Common Redpoll;Acanthis flammea;Carduelis;Forest - Temperate & Forest - Boreal;Omnivorous;Ground and Shrub;Open;Shrub and tree;NA;Migratory and resident populations;NA;NA;NA;NA
2;Eastern Spinebill;Acanthorhynchus tenuirostris;NA;Forest - Temperate & Savanna - Dry;Omnivorous;Shrub;Open;Shrub and tree;NA;;3060000;NA;NA;Resident
3;Shikra;Accipiter badius;NA;Forest - Subtropical/Tropical Moist Lowland;Omnivorous;Shrub and tree;Open;Tree;NA;;62500000;NA;NA;Migratory
4;Levant Sparrowhawk;Accipiter brevipes;NA;Forest - Temperate;Omnivorous;Shrub and tree;Open;Tree;NA;;2360000;2000;NA;Migratory
5;Cooper's Hawk;Accipiter cooperii;NA;Forest - Temperate;Carnivore;Ground, shrub and tree;Open;Tree;NA;;11800000;3000;600;Migratory
6;Frances's Sparrowhawk;Accipiter francesiae;NA;Forest - Subtropical/Tropical Moist Lowland;Omnivorous;Shrub and tree;Open;Tree;NA;Predation by Pied Crow (Corvus albus);931000;2000;NA;Resident
7;Northern Goshawk;Accipiter gentilis;NA;Forest - Temperate & Forest - Boreal;Carnivore;Ground;Open;Tree;NA;;115000000;3400;0;Migratory
8;Eurasian Sparrowhawk;Accipiter nisus;NA;Forest - Temperate & Forest - Boreal;0,30455;Tree;Open;Tree;No;;54400000;4500;0;Migratory
9;Chinese Sparrowhawk;Accipiter soloensis;NA;Forest - Temperate;Omnivorous;Ground;Open;Tree;NA;Predation by snakes and Jays;4070000;1500;NA;Migratory
10;Sharp-shinned Hawk;Accipiter striatus;NA;Forest - Temperate & Forest - Boreal & Forest - Subtropical/Tropical Dry & Forest - Subtropical/Tropical Moist Lowland;Carnivore;Tree;Open;Tree;No;;60500000;3700;900;Migratory
11;African Goshawk;Accipiter tachiro;NA;Forest - Subtropical/Tropical Moist Lowland;Omnivorous;Ground, shrub and tree;Open;Tree;NA;;8940000;3000;0;Resident
12;Besra;Accipiter virgatus;NA;Forest - Temperate & Forest - Subtropical/Tropical Moist Lowland;Carnivore;Ground and Tree;Open;Tree;No;;21200000;2200;300;Resident
13;Common Myna ;Acridotheres tristis;Sturnus;Forest - Subtropical/Tropical Mangrove Vegetation Above High Tide Level & Grassland - Subtropical/Tropical Seasonally Wet/Flooded;Omnivorous;Ground;Cavity;Tree;Yes;Great spotted cuckoo;NA;NA;NA;NA
14;Thick-billed Warbler;Acrocephalus aedon;Arundinax;Shrubland - Temperate;Insectivorous;Shrub and tree;Open;Shrub;NA;;NA;NA;NA;NA
15;Paddyfield Warbler;Acrocephalus agricola;NA;Wetlands (inland) - Permanent Freshwater Lakes (over 8ha);Insectivorous;Ground and Shrub;Open;Shrub;NA;;6530000;NA;NA;Migratory
16;Great Reed-warbler;Acrocephalus arundinaceus;NA;Wetlands (inland) - Permanent Freshwater Lakes (over 8ha);Insectivorous;Shrub;Open;Shrub;Yes;Parasitation by Common cuckoo;22200000;NA;NA;Migratory
17;African Reed-warbler;Acrocephalus scirpaceus baeticatus;Acrocephalus baeticatus;Wetlands (inland) - Bogs, Marshes, Swamps, Fens, Peatlands;Omnivorous;Ground and Shrub;Open;Shrub;NA;;NA;NA;NA;NA
18;Blyth's Reed-warbler;Acrocephalus dumetorum;NA;Forest - Temperate;Insectivorous;Shrub and tree;Open;Shrub;NA;;4230000;1200;NA;Migratory
19;Basra Reed-warbler;Acrocephalus griseldis;NA;Wetlands (inland) - Permanent Freshwater Lakes (over 8ha);Insectivorous;NA;NA;NA;NA;Presumebly like Arundinaceus;438000;NA;NA;Migratory
20;Madagascar Swamp-warbler;Acrocephalus newtoni;NA;Wetlands (inland) - Bogs, Marshes, Swamps, Fens, Peatlands;Insectivorous;Shrub;Open;Shrub;NA;;689000;NA;NA;Resident
21;Marsh Warbler;Acrocephalus palustris;NA;Wetlands (inland) - Bogs, Marshes, Swamps, Fens, Peatlands;Omnivorous;Shrub;Open;Shrub;NA;;2830000;NA;NA;Migratory
22;Common Reed-warbler;Acrocephalus scirpaceus;NA;Wetlands (inland) - Bogs, Marshes, Swamps, Fens, Peatlands;Omnivorous;Ground and Shrub;Open;Shrub;Yes;Common cuckoo;36600000;1400;NA;Migratory
23;Clamorous Reed-warbler;Acrocephalus stentoreus;NA;Wetlands (inland) - Bogs, Marshes, Swamps, Fens, Peatlands;Omnivorous;Shrub;Open;Shrub;No;;19800000;3000;NA;Migratory
24;Spotted Kingfisher;Actenoides lindsayi;NA;Artificial/Terrestrial - Rural Gardens;Omnivorous;Ground and Shrub;Cavity;Shrub and ground;NA;;314000;1200;NA;Resident
25;Speckled Hummingbird;Adelomyia melanogenys;NA;Forest - Subtropical/Tropical Moist Montane;Omnivorous;Shrub;Open;Shrub;No;;4450000;2500;1000;Resident
26;Long-tailed Tit;Aegithalos caudatus;NA;Forest - Temperate & Shrubland - Temperate;Omnivorous;Shrub and tree;Closed;Shrub;No;;44600000;NA;NA;Migratory
27;Black-throated Tit;Aegithalos concinnus;NA;Forest - Temperate;Omnivorous;Shrub;Closed;Shrub;No;;4080000;NA;NA;Resident
28;Common Iora;Aegithina tiphia;NA;Forest - Subtropical/Tropical Moist Lowland;Insectivorous;Tree;Open;Shrub and tree;Yes;Banded Bay Cuckoo;14900000;NA;NA;Resident
29;Boreal Owl;Aegolius funereus;NA;Forest - Boreal;Omnivorous;Groung and Shrub;Cavity;Tree;No;;73800000;NA;NA;Migratory
30;Cinereous Vulture;Aegypius monachus;NA;Forest - Temperate;Carnivore;Ground;Open;Tree;No;;22400000;4500;300;Migratory
31;Agami Heron;Agamia agami;NA;Forest - Subtropical/Tropical Swamp;Piscivore;Ground;Open;Shrub and tree;No;;12200000;2600;300;Resident
32;Black Guineafowl ;Agelastes niger;Phasidus niger;Forest - Subtropical/Tropical Moist Lowland;Insectivorous;Ground;NA;NA;NA;Nest undescribed;2180000;NA;NA;Resident
33;Black-eared Catbird;Ailuroedus melanotis;NA;Forest - Subtropical/Tropical Moist Lowland;Omnivorous;Ground, shrub and tree;Open;Shrub;No;;2140000;NA;NA;Resident
34;Mandarin Duck;Aix galericulata;NA;Forest - Temperate;Omnivorous;Ground;Cavity;Tree;No;Using Black woodpecker old nest;5710000;NA;NA;Migratory
35;Eurasian Skylark;Alauda arvensis;NA;Marine Intertidal - Salt Marshes (Emergent Grasses) & Artificial/Terrestrial - Arable Land & Grassland - Temperate;Omnivorous;Ground;Open;Ground;No;;42900000;3500;NA;Migratory
36;Common Kingfisher;Alcedo atthis;NA;Wetlands (inland) - Permanent Rivers/Streams/Creeks (includes waterfalls) & Wetlands (inland) - Permanent Freshwater Lakes (over 8ha);Omnivorous;Ground;Cavity;Shrub;No;;79900000;NA;NA;Migratory
37;Shining-blue Kingfisher;Alcedo quadribrachys;NA;Marine Coastal/Supratidal - Coastal Brackish/Saline Lagoons/Marine Lakes & Marine Coastal/Supratidal - Coastal Freshwater Lakes;Omnivorous;Ground;Cavity;Shrub;NA;;8120000;1800;NA;Resident
38;Grey-cheeked Fulvetta;Alcippe morrisonia;NA;Forest - Subtropical/Tropical Moist Montane;Omnivorous;Shrub;Open;Shrub;No;;4630000;NA;NA;Resident
39;Red-legged Partridge;Alectoris rufa;NA;Artificial/Terrestrial - Arable Land & Shrubland - Temperate;Omnivorous;Ground;Open;Ground;Yes;Common Quail (use the nest);1710000;2000;NA;Resident
40;White-tailed Alethe;Alethe diademata;NA;Forest - Subtropical/Tropical Moist Lowland;Omnivorous;Ground and Shrub;Open;Ground and Shrub;No;;782000;1500;NA;Resident
41;Grey-cheeked bulbul;Alophoixus tephrogenys;Criniger bres;Forest - Temperate;Omnivorous;Shrub and tree;Open;Shrub;NA;;NA;NA;NA;NA
42;Red Avadavat;Amandava amandava;NA;Artificial/Terrestrial - Arable Land;Omnivorous;Ground and Shrub;Closed;Shrub;No;;16300000;NA;NA;Resident
43;Zebra Waxbill;Amandava subflava;NA;Artificial/Terrestrial - Arable Land;Omnivorous;Ground and Shrub;Closed;Shrub;Yes;Jambandu Indogobird and Pin tailed Whydah;20800000;2000;250;Resident
44;Yellow-browed Sparrow;Ammodramus aurifrons;NA;Shrubland - Subtropical/Tropical Dry;Omnivorous;Ground;Open;Ground;NA;;7610000;1500;NA;Resident
45;Black-throated Sparrow;Amphispiza bilineata;NA;Shrubland - Subtropical/Tropical Dry;Omnivorous;Ground and Shrub;Open;Shrub;Yes;Brown-head cowbird;2500000;2200;NA;Migratory
46;Principe Sunbird;Anabathmis hartlaubii;NA;Artificial/Terrestrial - Plantations;Omnivorous;Ground, shrub and tree;Open;Shrub and tree;NA;;200;NA;NA;Resident
47;Newton's Sunbird;Anabathmis newtonii;NA;Forest - Subtropical/Tropical Moist Lowland;Omnivorous;Tree;Open;Shrub and tree;Yes;African Emerald Cuckoo;970;NA;NA;Resident
48;Juan Fernandez Tit-tyrant;Anairetes fernandezianus;NA;Forest - Subtropical/Tropical Dry;Insectivorous;Shrub and tree;NA;NA;NA;Not documented;140;900;NA;Resident
49;Northern Pintail;Anas acuta;NA;Wetlands (inland) - Permanent Freshwater Lakes (over 8ha);Omnivorous;Ground;Open;Ground;No;Crushed and used by Ring-necked pheasant;69100000;NA;NA;Migratory
50;Common Teal;Anas crecca;NA;Wetlands (inland) - Permanent Freshwater Lakes (over 8ha);Omnivorous;Ground;Open;Ground;No;;81700000;NA;NA;Migratory
51;Western Mountain Greenbul;Andropadus importunus;Andropadus tephrolaemus;Shrubland - Subtropical/Tropical Dry;Omnivorous;Ground, shrub and tree;Open;Shrub;No;;NA;NA;NA;NA
52;Fire-bellied Mountain-tanager;Anisognathus igniventris;NA;Forest - Subtropical/Tropical Moist Montane;Omnivorous;Tree;Open;NA;NA;;181000;3500;2600;Resident
53;Blue-winged Mountain-tanager;Anisognathus somptuosus;NA;Forest - Subtropical/Tropical Moist Montane;Omnivorous;Shrub and tree;Open;Shrub and tree;No;;2330000;2300;900;Resident
54;Greylag Goose;Anser anser;NA;Wetlands (inland) - Tundra Wetlands (incl. pools and temporary waters from snowmelt);Herbivorous;Ground;Open;Ground and tree;No;;31200000;NA;NA;Migratory
55;Bean Goose;Anser fabalis;NA;Wetlands (inland) - Tundra Wetlands (incl. pools and temporary waters from snowmelt);Herbivorous;Ground;Open;Ground;No;;20500000;NA;NA;Migratory
56;Bar-headed Goose;Anser indicus;NA;Rocky areas (eg. inland cliffs, mountain peaks);Herbivorous;Ground;Open;Ground and tree;No;;5290000;5000;NA;Migratory
57;Orange-breasted Sunbird;Anthobaphes violacea;NA;Shrubland - Mediterranean-type Shrubby Vegetation;Omnivorous;Ground and Shrub;Open;Shrub;Yes;Klaas' Cuckoo;177000;NA;NA;Resident
58;New Zealand Bellbird;Anthornis melanura;NA;Forest - Temperate;Omnivorous;Ground, shrub and tree;Open;Ground, shrub and tree;NA;Possibly parasitized by Long-tailed Koel;787000;NA;NA;Resident
59;Little Green Sunbird;Anthreptes seimundi;NA;Forest - Subtropical/Tropical Moist Lowland;Omnivorous;Ground, shrub and tree;Open;Tree;No;;6540000;NA;NA;Resident
60;Blue Crane;Anthropoides paradiseus;NA;Grassland - Subtropical/Tropical High Altitude;Omnivorous;Ground and Shrub;Open;Ground;No;;2030000;2000;0;Resident
61;Tawny Pipit;Anthus campestris;NA;Marine Coastal/Supratidal - Coastal Sand Dunes;Omnivorous;Ground;Open;Ground;No;;22100000;3600;NA;Migratory
62;Olive-backed Pipit;Anthus hodgsoni;NA;Forest - Boreal;Omnivorous;Ground;Open;Ground;No;;18800000;4000;NA;Migratory
63;Buff-bellied Pipit;Anthus rubescens;NA;Grassland - Tundra;Omnivorous;Ground;Open;Ground;Yes;Common Cuckoo;50500000;2700;NA;Migratory
64;White-naped crane;Antigone vipio;Grus vipio;Wetlands (inland) - Bogs, Marshes, Swamps, Fens, Peatlands;Omnivorous;Ground;Open;Ground;No;;NA;NA;NA;NA
65;Helmeted Manakin;Antilophia galeata;NA;Forest - Subtropical/Tropical Moist Lowland;Omnivorous;Shrub and tree;Open;Shrub and tree;No;;2670000;1000;500;Resident
66;Bar-throated Apalis;Apalis thoracica;NA;Forest - Subtropical/Tropical Moist Lowland;Omnivorous;Ground, shrub and tree;Closed;Shrub;Yes;Klaas' Cuckoo;3650000;NA;NA;Resident
67;Bar-tailed Trogon;Apaloderma vittatum;NA;Forest - Subtropical/Tropical Moist Montane;Insectivorous;Tree;Cavity;Shrub and tree;No;;6410000;3000;900;Resident
68;Western Scrub-jay;Aphelocoma californica;NA;Shrubland - Subtropical/Tropical Dry;Omnivorous;Ground and Shrub;Open;Shrub and tree;No;;4590000;3000;NA;Resident
69;Woodhouse's scrub jay;Aphelocoma californica woodhouseii;Aphelocoma woodhouseii;Shrubland - Subtropical/Tropical Dry;Omnivorous;Ground and Shrub;Open;Shrub and tree;No;;NA;NA;NA;NA
70;Thorn-tailed Rayadito;Aphrastura spinicauda;NA;Forest - Temperate;Insectivorous;Ground and Tree;Cavity;Tree;No;;1510000;2000;NA;Resident
71;King Penguin;Aptenodytes patagonicus;NA;Marine Oceanic - Epipelagic (0-200m) & Marine Oceanic - Mesopelagic (200-1000m) & Grassland - Subantarctic;Piscivore;Ground;Open;Ground;No;;9220000;100;NA;Migratory
72;Streaked Spiderhunter;Arachnothera magna;NA;Forest - Subtropical/Tropical Dry;Omnivorous;Shrub and tree;Closed;Shrub;Yes;Different species of Cuckoo;4560000;NA;NA;Resident
73;Grey-necked wood rail;Aramides cajaneus;NA;Forest - Subtropical/Tropical Swamp;Omnivorous;Ground;Open;Ground;No;;NA;NA;NA;NA
74;Jandaya Parakeet;Aratinga jandaya;NA;Forest - Subtropical/Tropical Moist Lowland;Omnivorous;NA;Cavity;Tree;No;;1910000;1200;NA;Resident
75;Great White Egret;Ardea alba;NA;Grassland - Subtropical/Tropical Seasonally Wet/Flooded & Wetlands (inland) - Permanent Freshwater Lakes (over 8ha);Omnivorous;Ground;Open;Ground, shrub and tree;No;;340000000;1500;NA;Migratory
76;Stripe-cheeked greenbul;Arizelocichla milanjensis;Andropadus milanjensis;Forest - Subtropical/Tropical Moist Lowland & Forest - Subtropical/Tropical Moist Montane;Omnivorous;NA;Open;Shrub and tree;No;;NA;NA;NA;NA
77;Western Mountain Greenbul;Arizelocichla tephrolaema;NA;Forest - Subtropical/Tropical Moist Montane;Omnivorous;Shrub and tree;Open;Shrub;No;;91700;2850;1000;Resident
78;Chestnut-capped brush finch;Arremon brunneinucha;NA;Forest - Subtropical/Tropical Moist Montane;Omnivorous;Ground and Shrub;Open;Shrub and tree;No;;NA;NA;NA;NA
79;Pectoral Sparrow;Arremon taciturnus;NA;Forest - Subtropical/Tropical Moist Lowland;NA;Ground and Shrub;Closed;Shrub and tree;No;;9910000;1100;NA;Resident
80;Sooty grassquit ;Asemospiza fuliginosa;Tiaris fuliginosus;Forest - Subtropical/Tropical Moist Lowland;Granivore;Shrub;Closed;Ground, shrub and tree;No;;NA;NA;NA;NA
81;Short-eared Owl;Asio flammeus;NA;Grassland - Temperate;Carnivore;Ground;Open;Ground;No;;246000000;4300;NA;Migratory
82;Northern Long-eared Owl;Asio otus;NA;Forest - Temperate & Forest - Boreal;Carnivore;Ground;Open;Tree;No;But use nest of magpie, buzzard etcï;80000000;2750;NA;Resident
83;Little Owl;Athene noctua;NA;Artificial/Terrestrial - Urban Areas;Omnivorous;Ground;Cavity;Tree;No;sharing with kestrel sometimes;52700000;2600;NA;Resident
84;White-naped Brush-finch;Atlapetes albinucha;NA;Forest - Subtropical/Tropical Moist Montane;Omnivorous;Ground and Shrub;Open;Shrub;NA;;1760000;2700;900;Resident
85;Santa Marta Brush-finch;Atlapetes melanocephalus;NA;Forest - Subtropical/Tropical Moist Montane;NA;Ground and Shrub;Closed;NA;NA;;4000;3000;1300;Resident
86;Pale-naped Brush-finch;Atlapetes pallidinucha;NA;Forest - Subtropical/Tropical Moist Montane;Omnivorous;Ground and Shrub;Open;Shrub;NA;;334000;3600;2800;Resident
87;Cinnamon Attila;Attila cinnamomeus;NA;Forest - Subtropical/Tropical Swamp;Omnivorous;Shrub and tree;Open;Shrub and tree;NA;;6400000;500;NA;Resident
88;Bright-rumped Attila;Attila spadiceus;NA;Forest - Subtropical/Tropical Moist Lowland;Omnivorous;Ground, shrub and tree;Open;Shrub;NA;;18100000;1500;NA;Resident
89;Olive-backed Foliage-gleaner;Automolus infuscatus;NA;Forest - Subtropical/Tropical Moist Lowland;Insectivorous;Shrub and tree;Cavity;Shrub;NA;;4830000;800;NA;Resident
90;Buff-throated Foliage-gleaner;Automolus ochrolaemus;NA;Forest - Subtropical/Tropical Moist Lowland & Forest - Subtropical/Tropical Swamp;Insectivorous;Shrub and tree;Cavity;Shrub;NA;;10700000;1650;NA;Resident
91;Para Foliage-gleaner;Automolus paraensis;NA;Forest - Subtropical/Tropical Moist Lowland;Insectivorous;Shrub and tree;Cavity;Shrub;NA;;1940000;NA;NA;Resident
92;Chestnut-crowned Foliage-gleaner;Automolus rufipileatus;NA;Forest - Subtropical/Tropical Moist Lowland & Forest - Subtropical/Tropical Swamp;Insectivorous;Ground and Shrub;NA;NA;NA;;7040000;1300;NA;Resident
93;Greater Scaup;Aythya marila;NA;Grassland - Tundra & Wetlands (inland) - Permanent Freshwater Lakes (over 8ha);Omnivorous;Ground;Open;Ground;NA;;46400000;NA;NA;Migratory
94;Tufted Titmouse;Baeolophus bicolor;NA;Forest - Temperate & Forest - Subtropical/Tropical Swamp;Omnivorous;Ground, shrub and tree;Cavity;Tree;No;;4200000;NA;NA;Resident
95;White-bellied Warbler;Basileuterus hypoleucus;NA;Forest - Subtropical/Tropical Dry;Insectivorous;Shrub;NA;NA;NA;;2110000;1100;NA;Resident
96;Malawi Batis;Batis dimorpha;NA;Forest - Temperate & Forest - Subtropical/Tropical Moist Lowland;Insectivorous;Shrub and tree;Open;Shrub;NA;;149000;2450;NA;Migratory
97;Forest Batis;Batis mixta;NA;Forest - Subtropical/Tropical Moist Lowland;Insectivorous;Shrub and tree;NA;NA;NA;;163000;2300;NA;Resident
98;Chinspot Batis;Batis molitor;NA;Savanna - Dry;Insectivorous;Tree;Open;Tree;No;;8710000;NA;NA;Resident
99;Long-billed Tetraka;Bernieria madagascariensis;NA;Forest - Subtropical/Tropical Moist Lowland;Omnivorous;Ground, shrub and tree;Open;Shrub;NA;;624000;NA;NA;Resident
100;Green-tailed Bristlebill;Bleda eximius;NA;Forest - Subtropical/Tropical Moist Lowland;Omnivorous;Ground;NA;NA;NA;Few info on breeding.;422000;1400;0;Resident
101;Yellow-lored Bristlebill;Bleda notatus;NA;Forest - Subtropical/Tropical Moist Lowland;Omnivorous;Ground and Shrub;Open;Shrub;No;;780000;NA;NA;Resident
102;Red-tailed Bristlebill;Bleda syndactylus;NA;Forest - Subtropical/Tropical Moist Lowland;Omnivorous;Ground;Open;Shrub;NA;;6940000;2150;NA;Resident
103;Cedar Waxwing;Bombycilla cedrorum;NA;Forest - Temperate;Omnivorous;Shrub and tree;Open;Shrub and tree;No;;11800000;2200;NA;Migratory
104;Bohemian Waxwing;Bombycilla garrulus;NA;Forest - Boreal;Omnivorous;Shrub and tree;Open;Shrub and tree;No;;27500000;NA;NA;Migratory
105;Ruffed Grouse;Bonasa umbellus; ;Forest - Temperate & Forest - Boreal;Herbivorous;NA;Open;Ground;Yes;Meleagris gallopavo and Phasianus colchicus;15100000;NA;NA;Resident
106;Little Rush-warbler;Bradypterus baboecala;NA;Wetlands (inland) - Bogs, Marshes, Swamps, Fens, Peatlands;Insectivorous;Ground and Shrub;Open;Shrub;Yes;Diederik Cuckoo;9950000;NA;NA;Resident
107;Cinnamon Bracken-warbler;Bradypterus cinnamomeus;NA;Forest - Subtropical/Tropical Moist Montane;Insectivorous;Ground;Open;Shrub;No;;2980000;3300;1300;Resident
108;Eurasian Eagle-owl;Bubo bubo;NA;Forest - Temperate & Forest - Boreal;Carnivore;Ground and Tree;Open;Ground and tree;No;;51400000;4500;NA;Resident
109;Snowy Owl;Bubo scandiacus;NA;Grassland - Tundra;Carnivore;Ground;Open;Ground;No;;38100000;300;NA;Migratory
110;Great Horned Owl;Bubo virginianus;NA;Forest - Temperate & Forest - Boreal;Carnivore;Ground and Tree;Open;Ground and tree;No;;65900000;4000;0;Resident
111;Cattle Egret;Bubulcus ibis;NA;Wetlands (inland) - Permanent Freshwater Lakes (over 8ha) & Wetlands (inland) - Permanent Rivers/Streams/Creeks (includes waterfalls);Omnivorous;Ground;Open;Ground, shrub and tree;No;;349000000;4080;NA;Migratory
112;Common Goldeneye;Bucephala clangula;NA;Forest - Boreal;Omnivorous;Ground;Cavity;Ground and tree;No;;46900000;2000;NA;Migratory
113;Wattled crane;Bugeranus carunculatus;Grus carunculatus;Grassland - Subtropical/Tropical Seasonally Wet/Flooded & Wetlands (inland) - Permanent Freshwater Lakes (over 8ha) & Wetlands (inland) - Permanent Freshwater Marshes/Pools (under 8ha) & Wetlands (inland) - Seasonal/Intermittent Freshwater Marshes/Pools (under 8ha);Omnivorous;Ground;Open;Ground;No;;NA;NA;NA;NA
114;Eurasian Buzzard;Buteo buteo;NA;Forest - Temperate;Carnivore;Ground;Open;Tree;No;;33900000;2500;0;Migratory
115;Red-tailed Hawk;Buteo jamaicensis;NA;Forest - Temperate;Carnivore;Ground;Open;Tree;No;;18100000;3200;NA;Migratory
116;Rough-legged Buzzard;Buteo lagopus;NA;Forest - Boreal & Rocky areas (eg. inland cliffs, mountain peaks);Carnivore;Ground;Open;Ground;No;;41600000;1200;NA;Migratory
117;Red-shouldered Hawk;Buteo lineatus;NA;Forest - Temperate;Omnivorous;Ground;Open;Tree;No;;9590000;2500;NA;Migratory
118;Ferruginous Hawk;Buteo regalis;NA;Grassland - Temperate;Carnivore;Ground;Open;Ground, shrub and tree;No;;3320000;2000;NA;Migratory
119;Long-legged Buzzard;Buteo rufinus;NA;Forest - Temperate;Omnivorous;Ground;Open;Ground and tree;No;;31500000;3900;0;Migratory
120;Green-backed Heron;Butorides striata;NA;Wetlands (inland) - Bogs, Marshes, Swamps, Fens, Peatlands;Omnivorous;Water;Open;Shrub and tree;No;;286000000;1900;NA;Migratory
121;Yellow-rumped Cacique;Cacicus cela;NA;Forest - Subtropical/Tropical Moist Lowland & Forest - Subtropical/Tropical Swamp;Omnivorous;Tree;Closed;Shrub and tree;Yes;Molothrus oryzivorus;11200000;NA;NA;Resident
122;Stierling's Wren-warbler;Calamonastes stierlingi;NA;Savanna - Dry;Insectivorous;Ground, shrub and tree;Closed;Shrub and tree;NA;;2220000;1700;NA;Resident
123;Red-tailed Vanga;Calicalicus madagascariensis;NA;Forest - Subtropical/Tropical Dry & Forest - Subtropical/Tropical Moist Lowland;Omnivorous;Shrub and tree;Open;Tree;No;;619000;NA;NA;Resident
124;White-rumped Sandpiper;Calidris fuscicollis;NA;Wetlands (inland) - Tundra Wetlands (incl. pools and temporary waters from snowmelt);Omnivorous;Ground;Open;Ground;No;;2520000;NA;NA;Migratory
125;Pectoral Sandpiper;Calidris melanotos;NA;Grassland - Tundra & Wetlands (inland) - Tundra Wetlands (incl. pools and temporary waters from snowmelt);Insectivorous;Ground;Open;Ground;No;;14500000;4500;3500;Migratory
126;Bleating Camaroptera;Camaroptera brachyura;NA;Forest - Subtropical/Tropical Moist Lowland;Insectivorous;Ground and Shrub;Closed;Shrub;Yes;African Emerald Cuckoo, Klaas' Cuckoo, Diederik Cuckoo and Borwn backed Honeyguide;25400000;2200;NA;Resident
127;Olive-green Camaroptera;Camaroptera chloronota;NA;Forest - Subtropical/Tropical Moist Lowland;Insectivorous;Ground and Shrub;Closed;Shrub;NA;;3370000;NA;NA;Resident
128;Red-necked Woodpecker;Campephilus rubricollis;NA;Forest - Subtropical/Tropical Moist Lowland;Insectivorous;Tree;Cavity;Tree;NA;;7810000;2400;NA;Resident
129;Golden-tailed Woodpecker;Campethera abingoni;NA;Forest - Subtropical/Tropical Dry & Forest - Subtropical/Tropical Moist Lowland;Insectivorous;Tree;Cavity;Tree;Yes;Greater, lesser and Scaly throated Honeyguides;16300000;2000;NA;Resident
130;Buff-spotted Woodpecker;Campethera nivosa;NA;Forest - Subtropical/Tropical Moist Lowland;Insectivorous;Tree;Cavity;Tree;Yes;By Spotted Honeyguide (Indicator maculatus);8660000;1800;NA;Resident
131;Southern Beardless Tyrannulet;Camptostoma obsoletum;NA;Forest - Subtropical/Tropical Dry & Forest - Subtropical/Tropical Moist Lowland;Omnivorous;Shrub and tree;Closed;Shrub and tree;No;;17900000;2800;NA;Migratory
132;Buff-breasted wren;Cantorchilus leucotis;Thryothorus leucotis;Forest - Subtropical/Tropical Moist Lowland;Insectivorous;Shrub;Closed;Shrub and tree;Yes;American Striped Cuckoo;NA;NA;NA;NA
133;Wilson's Warbler;Cardellina pusilla;NA;Forest - Temperate & Forest - Boreal;Omnivorous;Shrub and tree;Open;Ground and Shrub;Yes;Brown-head cowbird;4260000;3500;NA;Migratory
134;Northern Cardinal;Cardinalis cardinalis;NA;Shrubland - Subtropical/Tropical Dry;Herbivorous;Ground, shrub and tree;Open;Shrub and tree;Yes;Brown-head cowbird and Bronzed Cowbird;10400000;2500;NA;Resident
135;European Goldfinch;Carduelis carduelis;NA;Forest - Temperate & Grassland - Temperate;Omnivorous;Ground, shrub and tree;Open;Shrub and tree;No;;25100000;NA;NA;Migratory
136;Common Rosefinch;Carpodacus erythrinus;NA;Forest - Temperate;Omnivorous;Ground, shrub and tree;Open;Shrub and tree;No;;10200000;2700;2000;Migratory
137;Beautiful Rosefinch;Carpodacus pulcherrimus;NA;Shrubland - Subtropical/Tropical High Altitude;Granivore;Ground and Shrub;Open;Shrub;NA;;5690000;4650;3600;Resident
138;Ash-throated Casiornis;Casiornis fuscus;NA;Savanna - Dry;NA;NA;NA;NA;NA;;2700000;500;NA;Resident
139;Rufous Casiornis;Casiornis rufus;NA;Forest - Subtropical/Tropical Dry & Savanna - Dry;NA;NA;Cavity;Tree;NA;;3690000;1500;NA;Migratory
140;Orange-billed Nightingale-thrush;Catharus aurantiirostris;NA;Forest - Subtropical/Tropical Moist Montane;Omnivorous;Ground;Open;Shrub and tree;No;;6090000;2900;400;Resident
141;Hermit Thrush;Catharus guttatus;NA;Forest - Temperate & Forest - Boreal;Omnivorous;Ground, shrub and tree;Open;Ground, shrub and tree;No;;15900000;NA;NA;Migratory
142;Grey-cheeked Thrush;Catharus minimus;NA;Shrubland - Boreal;Omnivorous;Ground;Open;Shrub and tree;No;;7740000;3000;NA;Migratory
143;Russet-backed Thrush;Catharus ustulatus;NA;Forest - Temperate & Forest - Boreal;Omnivorous;Ground, shrub and tree;Open;Shrub;Yes;Brown headed cowbird;1480000;3000;0;Migratory
144;Greater Coucal;Centropus sinensis;NA;Forest - Subtropical/Tropical Mangrove Vegetation Above High Tide Level;Omnivorous;Ground, shrub and tree;Closed;Shrub and tree;No;;19600000;1200;NA;Resident
145;White-browed Coucal;Centropus superciliosus;NA;Savanna - Dry;Omnivorous;Ground and Shrub;Closed;Shrub;No;;16000000;2800;NA;Resident
146;Madagascar Coucal;Centropus toulou;NA;Forest - Subtropical/Tropical Moist Lowland;Omnivorous;Ground, shrub and tree;Closed;Shrub;No;;854000;1800;NA;Resident
147;Black-casqued Hornbill;Ceratogymna atrata;NA;Forest - Subtropical/Tropical Moist Lowland;Omnivorous;Ground and Tree;Closed;Tree;No;;5280000;1500;NA;Resident
148;Grey Antbird;Cercomacra cinerascens;NA;Forest - Subtropical/Tropical Moist Lowland;Insectivorous;Tree;NA;NA;NA;;7420000;900;NA;Resident
149;Black Antbird;Cercomacroides serva;Cercomacra serva;Forest - Subtropical/Tropical Moist Lowland & Forest - Subtropical/Tropical Swamp;Insectivorous;Shrub and tree;Open;Shrub;NA;;NA;NA;NA;NA
150;Blackish Antbird ;Cercomacroides nigrescens;Cercomacra nigrescens;Forest - Subtropical/Tropical Moist Lowland & Forest - Subtropical/Tropical Moist Lowland;Insectivorous;Shrub and tree;NA;NA;NA;;NA;NA;NA;NA
151;White-browed Scrub-robin;Cercotrichas leucophrys;NA;Savanna - Dry;Insectivorous;Ground;Open;Shrub;Yes;Red chested, Black, Diederik and Klaas' Cuckoo;13100000;1400;NA;Resident
152;Black Scrub-robin;Cercotrichas podobe;NA;Savanna - Dry;NA;Ground and Shrub;Open;Shrub;NA;;10800000;1500;NA;Resident
153;Cape Barren Goose;Cereopsis novaehollandiae;NA;Shrubland - Temperate & Grassland - Temperate;Herbivorous;Ground;Open;Ground and Shrub;No;;2090000;NA;NA;Migratory
154;Short-toed Treecreeper;Certhia brachydactyla;NA;Forest - Temperate;Omnivorous;Tree;Cavity;Shrub and tree;No;;8570000;NA;NA;Resident
155;Cetti's Warbler;Cettia cetti;NA;Wetlands (inland) - Bogs, Marshes, Swamps, Fens, Peatlands;Insectivorous;Shrub;Open;Shrub;No;;18000000;1450;NA;Migratory
156;Band-rumped Swift;Chaetura spinicaudus;NA;Forest - Subtropical/Tropical Moist Lowland;Insectivorous;Water, tree;Cavity;Tree;NA;;6770000;1000;NA;Resident
157;Amethyst Sunbird;Chalcomitra amethystina;NA;Savanna - Dry;Insectivorous;Shrub;Closed;Shrub and tree;Yes;Klaas', African Emeral Cuckoo and Green-backed Honeyguide;10100000;NA;NA;Resident
158;Carmelite Sunbird;Chalcomitra fuliginosa;NA;Forest - Subtropical/Tropical Moist Lowland;Omnivorous;Shrub;Closed;Shrub and tree;NA;;3020000;NA;NA;Resident
159;Scarlet-chested Sunbird ;Chalcomitra senegalensis;Nectarinia senegalensis;Savanna - Dry & Shrubland - Subtropical/Tropical Dry;Omnivorous;Shrub;Closed;Shrub and tree;Yes;Klaas', African Emeral Cuckoo and Great Honeyguide;NA;NA;NA;Resident
160;Grey-capped Emerald Dove;Chalcophaps indica;NA;Forest - Subtropical/Tropical Dry;Omnivorous;Ground and Tree;Open;Shrub and tree;No;;21300000;1450;NA;Resident
161;Wrentit;Chamaea fasciata;NA;Shrubland - Subtropical/Tropical Dry;Omnivorous;Shrub and tree;Open;Shrub;Yes;Brown-headed cowbird;504000;2600;NA;Resident
162;White-chested Alethe;Chamaetylas fuelleborni;Alethe fuelleborni;Forest - Subtropical/Tropical Moist Montane;Insectivorous;Ground and Shrub;Open;Shrub and tree;No;;NA;NA;NA;NA
163;Brown-chested Alethe;Chamaetylas poliocephala;Alethe poliocephala;Forest - Subtropical/Tropical Moist Lowland;Insectivorous;Ground and Shrub;Open;Shrub and tree;No;;NA;NA;NA;NA
164;Short-tailed Antthrush;Chamaeza campanisona;NA;Forest - Subtropical/Tropical Moist Montane;Omnivorous;Ground;Cavity;Shrub and tree;No;;12700000;1800;50;Resident
165;European Greenfinch;Chloris chloris;Carduelis chloris;Forest - Temperate & Forest - Boreal;Omnivorous;Ground, shrub and tree;Open;Shrub and tree;No;;NA;NA;NA;NA
166;American Pygmy-kingfisher;Chloroceryle aenea;NA;Wetlands (inland) - Permanent Rivers/Streams/Creeks (includes waterfalls);Piscivore;Water;Cavity;Ground;NA;;14200000;2600;NA;Resident
167;Green-and-rufous Kingfisher;Chloroceryle inda;Chlorospingus flavopectus;Wetlands (inland) - Permanent Rivers/Streams/Creeks (includes waterfalls);Piscivore;Water;Cavity;Ground;NA;;13000000;400;NA;Resident
168;Common Bush-tanager;Chlorospingus flavopectus;Chlorospingus ophthalmicus;Forest - Subtropical/Tropical Moist Montane;Frugivorous;Tree;Open;Ground, shrub and tree;No;;NA;NA;NA;NA
169;Lark Sparrow;Chondestes grammacus;NA;Grassland - Temperate;Omnivorous;Ground and Shrub;Open;Ground and Shrub;Yes;Brown-headed cowbird;5060000;2400;1100;Migratory
170;Klaas's Cuckoo;Chrysococcyx klaas;NA;Forest - Subtropical/Tropical Moist Lowland & Savanna - Dry;Insectivorous;Tree;Open;Ground, shrub and tree;Yes;Parasitize other species;14600000;3000;NA;Migratory
171;Yellow-hooded Blackbird;Chrysomus icterocephalus;NA;Grassland - Subtropical/Tropical Seasonally Wet/Flooded & Wetlands (inland) - Bogs, Marshes, Swamps, Fens, Peatlands;Omnivorous;Ground and Shrub;Open;Shrub;Yes;Molothrus bonariensis;5300000;2600;NA;Resident
172;Brown Trembler;Cinclocerthia ruficauda;NA;Forest - Subtropical/Tropical Moist Lowland;Omnivorous;Shrub and tree;Cavity;Tree;No;;71800;900;NA;Resident
173;White-throated Dipper;Cinclus cinclus;NA;Wetlands (inland) - Permanent Rivers/Streams/Creeks (includes waterfalls);Omnivorous;Water;Closed;Ground and Shrub;No;;35900000;NA;NA;Resident
174;Greater double-collared sunbird;Cinnyris afer;Nectarina afra;Forest - Subtropical/Tropical Moist Lowland & Savanna - Dry;Omnivorous;Shrub and tree;Closed;Shrub and tree;Yes;Klaas' Cuckoo;NA;NA;NA;NA
175;Southern Double-collared Sunbird;Cinnyris chalybeus;NA;Shrubland - Subtropical/Tropical Dry;Omnivorous;Shrub and tree;Closed;Shrub;Yes;Klaas' Cuckoo;1310000;NA;NA;Resident
176;Olive-bellied Sunbird;Cinnyris chloropygius;NA;Forest - Subtropical/Tropical Moist Lowland;Omnivorous;Shrub and tree;Closed;Shrub and tree;Yes;Klaas' Cuckoo and Western Green backed Honeyguide;9030000;NA;NA;Resident
177;Mayotte Sunbird;Cinnyris coquerellii;NA;Forest - Subtropical/Tropical Moist Lowland;Omnivorous;NA;Closed;Shrub and tree;No;;600;NA;NA;Resident
178;Eastern Double-collared Sunbird;Cinnyris mediocris;NA;Forest - Subtropical/Tropical Moist Montane;Omnivorous;Shrub and tree;Closed;Shrub;No;;227000;NA;NA;Resident
179;Moreau's Sunbird;Cinnyris moreaui;Nectarinia;Forest - Subtropical/Tropical Moist Montane;Omnivorous;Shrub and tree;Closed;Shrub and tree;NA;;NA;NA;NA;NA
180;Beautiful Sunbird;Cinnyris pulchellus;NA;Savanna - Dry;Omnivorous;Shrub and tree;Closed;Shrub and tree;No;;10300000;NA;NA;Resident
181;Northern Double-collared Sunbird;Cinnyris reichenowi;NA;Grassland - Subtropical/Tropical High Altitude;Omnivorous;Shrub and tree;Closed;Shrub and tree;NA;;2630000;NA;NA;Resident
182;Souimanga Sunbird;Cinnyris sovimanga;NA;Forest - Subtropical/Tropical Dry & Forest - Subtropical/Tropical Moist Lowland & Forest - Subtropical/Tropical Mangrove Vegetation Above High Tide Level;Omnivorous;Shrub and tree;Closed;Shrub;No;;NA;NA;NA;NA
183;Variable Sunbird;Cinnyris venustus;Nectarinia venusta;Savanna - Dry & Shrubland - Subtropical/Tropical Dry;Omnivorous;Shrub and tree;Closed;Shrub;Yes;Klaas' Cuckoo;NA;NA;NA;Resident
184;Western Marsh-harrier;Circus aeruginosus;NA;Wetlands (inland) - Bogs, Marshes, Swamps, Fens, Peatlands & Wetlands (inland) - Permanent Freshwater Marshes/Pools (under 8ha);Omnivorous;Ground;Open;Ground;No;;29100000;3000;0;Migratory
185;Chattering Cisticola;Cisticola anonymus;NA;Shrubland - Subtropical/Tropical Moist;Insectivorous;Ground and Shrub;Closed;Shrub;Yes;Klaas' Cuckoo;5230000;NA;NA;Resident
186;Short-winged Cisticola;Cisticola brachypterus;NA;Savanna - Dry;Insectivorous;Ground and Shrub;Closed;Shrub;No;;17900000;NA;NA;Resident
187;Red-faced Cisticola;Cisticola erythrops;NA;Shrubland - Subtropical/Tropical Dry;Insectivorous;Shrub and tree;Closed;Shrub;Yes ;Klaas' Cuckoo and Cuckoo Finch;19400000;2400;NA;Resident
188;Croaking Cisticola;Cisticola natalensis;NA;Savanna - Dry & Grassland - Subtropical/Tropical Dry & Wetlands (inland) - Bogs, Marshes, Swamps, Fens, Peatlands;Omnivorous;Ground and shrub;Closed;Ground and Shrub;Yes ;Cuckoo Finch;20400000;NA;NA;Resident
189;Black-lored Cisticola;Cisticola nigriloris;NA;Shrubland - Subtropical/Tropical Dry & Grassland - Subtropical/Tropical High Altitude;Insectivorous;Shrub;Closed;Ground and Shrub;NA;;210000;NA;NA;Resident
190;Churring Cisticola;Cisticola njombe;NA;Shrubland - Subtropical/Tropical High Altitude & Grassland - Subtropical/Tropical High Altitude;Insectivorous;Ground and Shrub;Closed;Ground and Shrub;NA;;133000;3000;1830;Resident
191;Tinkling Cisticola;Cisticola rufilatus;NA;Forest - Subtropical/Tropical Dry & Savanna - Dry;Insectivorous;Ground and Shrub;Closed;Ground and Shrub;Yes;Brown-backed Honeyguide;4700000;NA;NA;Resident
192;Trilling Cisticola;Cisticola woosnami;NA;Savanna - Dry;Insectivorous;Ground, shrub and tree;Closed;Shrub;NA;;1850000;NA;NA;Resident
193;Marsh Wren;Cistothorus palustris;NA;Wetlands (inland) - Bogs, Marshes, Swamps, Fens, Peatlands;Omnivorous;Shrub;Closed;Shrub;No;;10900000;2500;NA;Migratory
194;Blue Ground-dove;Claravis pretiosa;NA;Forest - Subtropical/Tropical Moist Lowland;Omnivorous;Ground;Open;Shrub and tree;No;;18900000;1620;NA;Migratory
195;Brown Treecreeper;Climacteris picumnus;NA;Forest - Subtropical/Tropical Moist Lowland;Insectivorous;Ground and Tree;Closed;Tree;No;;3270000;NA;NA;Resident
196;Swee Waxbill ;Coccopygia melanotis;Estrilda;Shrubland - Subtropical/Tropical Dry & Shrubland - Subtropical/Tropical Moist & Grassland - Subtropical/Tropical Dry;Omnivorous;NA;Closed;Shrub;Yes;Pin-tailed Whydah;NA;NA;NA;NA
197;Blue-throated Starfrontlet;Coeligena helianthea;NA;Forest - Subtropical/Tropical Moist Montane;Nectarivore;Shrub and tree;NA;NA;NA;;101000;3300;1900;Resident
198;Bananaquit;Coereba flaveola;NA;Forest - Subtropical/Tropical Moist Lowland;Nectarivore;Shrub and tree;Closed;Shrub;No;;22400000;1500;NA;Resident
199;Speckled Mousebird;Colius striatus;NA;Forest - Subtropical/Tropical Moist Lowland;Frugivorous;NA;Open;Shrub and tree;No;;16300000;2800;NA;Resident
200;African Olive-pigeon;Columba arquatrix;NA;Forest - Subtropical/Tropical Moist Montane;Omnivorous;Ground, shrub and tree;Open;Shrub and tree;NA;;11100000;3200;300;Resident
201;Rock Dove;Columba livia;NA;Rocky areas (eg. inland cliffs, mountain peaks);Granivore;NA;Open;NA;NA;;61000000;4500;NA;Resident
202;Common Woodpigeon;Columba palumbus;NA;Forest - Temperate & Forest - Boreal;Omnivorous;Ground and Tree;Open;Shrub and tree;No;;26800000;1600;NA;Migratory
203;Scaled dove;Columbina squammata;Scardafella squammata;Artificial/Terrestrial - Subtropical/Tropical Heavily Degraded Former Forest;Omnivorous;NA;NA;Ground and Shrub;NA;;NA;NA;NA;NA
204;Rufous Gnateater;Conopophaga lineata;NA;Forest - Subtropical/Tropical Moist Montane;Insectivorous;Ground and shrub;NA;Shrub;NA;;2660000;2400;300;Resident
205;Oriental Magpie-robin;Copsychus saularis;NA;Forest - Subtropical/Tropical Dry;Omnivorous;Ground;Cavity;Shrub and tree;Yes;Common cuckoo;19500000;1900;NA;Resident
206;White-necked Raven;Corvus albicollis;NA;Forest - Subtropical/Tropical Moist Montane & Grassland - Subtropical/Tropical High Altitude & Rocky areas (eg. inland cliffs, mountain peaks);Omnivorous;Ground and tree;Open;Ground;No;;5660000;3000;1000;Resident
207;American Crow;Corvus brachyrhynchos;NA;Forest - Subtropical/Tropical Moist Lowland;Omnivorous;Ground;Open;Tree;No;;12600000;NA;NA;Migratory
208;Common Raven;Corvus corax;NA;Forest - Subtropical/Tropical Moist Montane & Rocky areas (eg. inland cliffs, mountain peaks) & Forest - Temperate;Omnivorous;Ground and tree;Open;Ground and tree;No;;137000000;5000;NA;Migratory
209;Carrion Crow;Corvus corone;NA;Forest - Temperate & Forest - Boreal & Forest - Subtropical/Tropical Dry;Omnivorous;Ground;Open;Tree;Yes ;Great spotted cuckoo;81600000;NA;NA;Migratory
210;Large-billed Crow;Corvus macrorhynchos;NA;Forest - Subtropical/Tropical Moist Lowland;Omnivorous;Ground and tree;Open;Tree;Yes;Common Koel;39100000;NA;NA;Resident
211;Pileated Finch;Coryphospingus pileatus;NA;Shrubland - Subtropical/Tropical Dry;NA;Ground and Shrub;NA;NA;NA;;9310000;1200;NA;Resident
212;White-bellied kingfisher;Corythornis leucogaster;Alcedo leucogaster;Forest - Subtropical/Tropical Moist Lowland & Wetlands (inland) - Permanent Rivers/Streams/Creeks (includes waterfalls);Omnivorous;Water;Cavity;Ground;NA;;NA;NA;NA;NA
213;Madagascar Pygmy-kingfisher;Corythornis madagascariensis;NA;Savanna - Dry & Shrubland - Subtropical/Tropical Dry;Omnivorous;Ground;Cavity;Ground;NA;;591000;1500;NA;Resident
214;White-browed Robin-chat;Cossypha heuglini;NA;Forest - Subtropical/Tropical Dry;Omnivorous;Ground;Open;Ground and Shrub;Yes;Red-chested Cuckoo;13100000;NA;NA;Resident
215;Red-capped Robin-chat;Cossypha natalensis;NA;Savanna - Dry & Shrubland - Subtropical/Tropical Moist;Omnivorous;Ground;Open;Ground and Shrub;Yes ;Red-chested Cuckoo;11900000;NA;NA;Resident
216;Corncrake;Crex crex;NA;Grassland - Temperate & Wetlands (inland) - Bogs, Marshes, Swamps, Fens, Peatlands;Omnivorous;Ground;Open;Ground;No;;7070000;3000;NA;Migratory
217;Red-tailed Greenbul;Criniger calurus;NA;Forest - Subtropical/Tropical Moist Lowland;Omnivorous;Shrub and tree;Open;Shrub;No;;5710000;NA;NA;Resident
218;Eastern Bearded Greenbul;Criniger chloronotus;NA;Forest - Subtropical/Tropical Moist Lowland;Omnivorous;Shrub and tree;Open;Shrub;NA;;2580000;NA;NA;Resident
219;Abyssinian Citril;Crithagra citrinelloides;Serinus citrinelloides;Wetlands (inland) - Permanent Rivers/Streams/Creeks (includes waterfalls) & Wetlands (inland) - Permanent Freshwater Lakes (over 8ha);Omnivorous;Ground and Shrub;Open;Shrub;NA;;NA;NA;NA;NA
220;Yellow-fronted canary;Crithagra mozambica;Serinus mozambicus;Savanna - Dry;Omnivorous;Ground, shrub and tree;Open;Shrub and tree;No;;NA;NA;NA;Resident
221;Principe Seedeater;Crithagra rufobrunnea;NA;Forest - Subtropical/Tropical Dry & Forest - Subtropical/Tropical Moist Lowland;Omnivorous;Ground, shrub and tree;Open;NA;NA;;4500;900;NA;Resident
222;Streaky seedeater;Crithagra striolata;Serinus striolatus;Shrubland - Subtropical/Tropical Moist;Omnivorous;Ground and Shrub;Open;Shrub;No;;NA;NA;NA;NA
223;Red-faced Crimsonwing;Cryptospiza reichenovii;NA;Forest - Subtropical/Tropical Moist Montane;Omnivorous;Ground, shrub and tree;Closed;Shrub;No;;6260000;NA;NA;Resident
224;Austral Blackbird;Curaeus curaeus;NA;Forest - Temperate;Omnivorous;Ground;Open;Shrub;No;;1700000;2000;NA;Resident
225;Eurasian Blue Tit;Cyanistes caeruleus;NA;Forest - Temperate;Omnivorous;Tree, shrub and ground;Cavity;Shrub and tree;NA;;16600000;3500;NA;Migratory
226;Olive Sunbird;Cyanomitra olivacea;Nectarinia olivacea;Forest - Subtropical/Tropical Dry;Omnivorous;Shrub and tree;Closed;Shrub and tree;Yes;African Emerald Cuckoo & Klaas Cuckoo;20300000;NA;NA;Resident
227;Cameroon Sunbird;Cyanomitra oritis;NA;Forest - Subtropical/Tropical Moist Montane;Omnivorous;NA;Closed;Shrub;Yes;Klaas' Cuckoo;132000;NA;NA;Resident
228;Green-headed Sunbird;Cyanomitra verticalis;NA;Savanna - Dry;Omnivorous;Shrub and tree;Closed;Shrub and tree;Yes;Klaas' Cuckoo;10200000;NA;NA;Resident
229;Tundra Swan;Cygnus columbianus;NA;Grassland - Tundra;Herbivorous;Water/Ground;Open;Ground;No;;23500000;2000;NA;Migratory
230;Whooper Swan;Cygnus cygnus;NA;Wetlands (inland) - Permanent Freshwater Lakes (over 8ha);Herbivorous;Water/Ground;Open;Ground;No;;29500000;NA;NA;Migratory
231;Northern House Martin;Delichon urbicum;NA;Rocky areas (eg. inland cliffs, mountain peaks) & Artificial/Terrestrial - Urban Areas;Insectivorous;Air;Closed;Buildings;No;;30800000;2000;NA;Migratory
232;Townsend's Warbler;Setophaga townsendi;Dendroica;Forest - Temperate & Forest - Subtropical/Tropical Moist Montane;Insectivorous;Shrub and tree;Open;Tree;Yes;few by Brown headed cowbird;NA;NA;NA;NA
233;Olive-flanked ground robin;Dessonornis anomalus;Cossypha anomala;Forest - Subtropical/Tropical Moist Montane;Insectivorous;Ground and Shrub;NA;NA;NA;;NA;NA;NA;NA
234;Cape robin-chat;Dessonornis caffer;Cossypha caffra;Forest - Subtropical/Tropical Dry & Forest - Subtropical/Tropical Moist Lowland & Savanna - Dry;Omnivorous;Ground, shrub and tree;Open;Ground and Shrub;Yes;Red-chested Cuckoo;NA;NA;NA;NA
235;Fork-tailed Drongo;Dicrurus adsimilis;NA;Savanna - Dry;Omnivorous;Ground and Shrub;Open;Shrub and tree;Yes;African Cuckoo and Jacobin Cuckoo;25900000;2200;NA;Resident
236;Ashy Drongo;Dicrurus leucophaeus;NA;Forest - Subtropical/Tropical Moist Lowland;Omnivorous;Shrub and tree;Open;Tree;Yes;Indian Cuckoo;16600000;NA;NA;Migratory
237;Masked Flowerpiercer;Diglossa cyanea;NA;Forest - Subtropical/Tropical Moist Montane;Omnivorous;Tree;Open;Shrub;NA;;3680000;3500;2000;Resident
238;Lesser Spotted Wodpecker;Dryobates minor;Dendrocopos;Forest - Temperate & Forest - Boreal;Insectivorous;Tree;Cavity;Tree;No;;NA;NA;NA;NA
239;Chestnut Wattle-eye;Dyaphorophyia castanea;NA;Forest - Subtropical/Tropical Moist Lowland;Omnivorous;Shrub and tree;Open;Shrub and tree;Yes;African Emerald Cuckoo;4640000;NA;NA;Resident
240;White-crested Elaenia;Elaenia albiceps;NA;Forest - Temperate;Omnivorous;NA;Open;Shrub and tree;NA;;8010000;3300;NA;Migratory
241;White-tailed Crested-flycatcher;Elminia albonotata;NA;Forest - Subtropical/Tropical Moist Montane;Insectivorous;Shrub and tree;Open;Shrub and tree;NA;;2300000;2700;350;Resident
242;Dusky Crested-flycatcher;Elminia nigromitrata;NA;Forest - Subtropical/Tropical Moist Lowland;Insectivorous;Shrub and tree;Open;Shrub and tree;NA;;5140000;2150;NA;Resident
243;Cabanis's Bunting;Emberiza cabanisi;NA;Savanna - Dry;Omnivorous;Ground;Open;Shrub;Yes;Klaas' Cuckoo;12200000;NA;NA;Resident
244;Cirl Bunting;Emberiza cirlus;NA;Shrubland - Temperate;Omnivorous;Ground;Open;Shrub;No;;6350000;NA;NA;Resident
245;Yellow-throated Bunting;Emberiza elegans;NA;Forest - Temperate & Forest - Boreal;Omnivorous;Ground;Open;Ground;NA;;5240000;NA;NA;Resident
246;Golden-breasted Bunting;Emberiza flaviventris;NA;Savanna - Dry & Shrubland - Subtropical/Tropical Dry;Omnivorous;Ground, shrub and tree;Open;Bush;Yes;Diederik Cuckoo;21300000;NA;NA;Resident
247;Godlewski's Bunting;Emberiza godlewskii;NA;Shrubland - Subtropical/Tropical High Altitude & Rocky areas (eg. inland cliffs, mountain peaks);Omnivorous;Ground;Open;Ground;NA;;12000000;NA;NA;Resident
248;Little Bunting;Emberiza pusilla;NA;Forest - Boreal & Grassland - Tundra;Omnivorous;Ground and Shrub;Open;Ground;NA;;3480000;NA;NA;Migratory
249;Grey Bunting;Emberiza variabilis;NA;Forest - Temperate & Forest - Boreal;Omnivorous;Ground;NA;Ground and Shrub;NA;;772000;NA;NA;Migratory
250;Alder Flycatcher;Empidonax alnorum;NA;Wetlands (inland) - Shrub Dominated Wetlands;Insectivorous;Tree and shrub;Open;Shrub and tree;Yes;Brood parasite: Brown-headed Cowbird;6500000;1300;NA;Migratory
251;Yellow-bellied Flycatcher;Empidonax flaviventris;NA;Forest - Temperate & Forest - Boreal & Wetlands (inland) - Bogs, Marshes, Swamps, Fens, Peatlands;Omnivorous;Tree, shrub and ground;Open;Ground;NA;;1740000;NA;NA;Migratory
252;Hammond's Flycatcher;Empidonax hammondii;NA;Forest - Temperate & Forest - Boreal;Insectivorous;Tree, shrub and ground;Open;Tree;Yes;Brood parasite: Brown-headed Cowbird;1690000;3000;1000;Migratory
253;Western Stipple-throated Antwren;Epinecrophylla haematonota;NA;Forest - Subtropical/Tropical Moist Lowland;Insectivorous;Shrub and tree;Closed;Shrub;NA;N=1 for nest description;2890000;500;NA;Resident
254;European Robin;Erithacus rubecula;NA;Forest - Temperate & Forest - Boreal;Omnivorous;Ground and shrub;Open;Ground and Shrub;No;;23900000;2000;NA;Migratory
255;Common Waxbill;Estrilda astrild;NA;Savanna - Dry & Grassland - Subtropical/Tropical Dry;Omnivorous;Ground, shrub and tree;Closed;Ground and Shrub;Yes;Pin-tailed Whydah;22200000;1000;NA;Resident
256;Western Koel;Eudynamys scolopaceus;NA;Forest - Subtropical/Tropical Moist Lowland;Omnivorous;Canopy;Open;Shrub and tree;Yes;Brood parasite of Crows and Magpies;29800000;1500;NA;Migratory
257;White-winged Widowbird;Euplectes albonotatus;NA;Grassland - Subtropical/Tropical Dry;Omnivorous;Ground;Closed;Shrub;Yes;Diederik Cuckoo;12500000;NA;NA;Resident
258;Red-collared Widowbird;Euplectes ardens;NA;Forest - Subtropical/Tropical Dry;Omnivorous;Ground;Closed;Shrub;Yes;Diederik Cuckoo;15900000;NA;NA;Resident
259;Yellow Bishop;Euplectes capensis;NA;Shrubland - Subtropical/Tropical Dry & Grassland - Subtropical/Tropical Dry;Omnivorous;Ground;Closed;Shrub;No;;13800000;NA;NA;Resident
260;Marsh Widowbird;Euplectes hartlaubi;NA;Grassland - Subtropical/Tropical Seasonally Wet/Flooded & Wetlands (inland) - Bogs, Marshes, Swamps, Fens, Peatlands;Omnivorous;NA;Closed;Shrub;NA;;5090000;NA;NA;Resident
261;Black-winged Bishop;Euplectes hordeaceus;NA;Grassland - Subtropical/Tropical Dry;Omnivorous;Ground and Shrub;Closed;Shrub;Yes;Diederik Cuckoo;17800000;NA;NA;Resident
262;Brown-throated Parakeet;Eupsittula pertinax;Aratinga pertinax;Forest - Subtropical/Tropical Dry & Forest - Subtropical/Tropical Moist Lowland & Shrubland - Subtropical/Tropical Dry;Herbivorous;NA;Cavity;Ground and tree;NA;;NA;NA;NA;NA
263;Yellow-whiskered greenbul;Eurillas latirostris;Andropadus latirostris;Forest - Subtropical/Tropical Moist Lowland;Omnivorous;Shrub and tree;Open;Shrub;No;;NA;NA;NA;NA
264;Little greenbul;Eurillas virens;Andropadus virens;Forest - Subtropical/Tropical Moist Lowland & Forest - Subtropical/Tropical Dry;Omnivorous;Ground, shrub and tree;Open;Shrub;No;;NA;NA;NA;NA
265;Broad-billed Roller;Eurystomus glaucurus;NA;Forest - Subtropical/Tropical Dry;Insectivorous;Ground, shrub and tree;Cavity;Tree;No;;19900000;NA;NA;Migratory
266;Eleonora's Falcon;Falco eleonorae;NA;Rocky areas (eg. inland cliffs, mountain peaks);Omnivorous;Air;Open;Ground;No;;1880000;NA;NA;NA
267;American Kestrel;Falco sparverius;NA;Forest - Subtropical/Tropical Dry & Savanna - Dry;Omnivorous;Ground;Cavity;Tree;No;;52700000;4300;NA;Migratory
268;Collared Flycatcher;Ficedula albicollis;NA;Forest - Temperate;Omnivorous;Ground, shrub and tree;Cavity;Shrub and tree;No;;1250000;NA;NA;Migratory
269;European Pied Flycatcher;Ficedula hypoleuca;NA;Forest - Temperate;Insectivorous;Ground, shrub and tree;Cavity;Tree;No;;5580000;NA;NA;Migratory
270;Red-breasted Flycatcher;Ficedula parva;NA;Forest - Temperate;Insectivorous;Ground, shrub and tree;Cavity;Shrub and tree;No;;2630000;2350;NA;Migratory
271;Semi-collared Flycatcher;Ficedula semitorquata;NA;Forest - Temperate;Insectivorous;Ground, shrub and tree;Cavity;Tree;No;;1100000;2000;NA;Migratory
272;Ashy Flycatcher;Fraseria caerulescens;Muscicapa caerulescens;Forest - Subtropical/Tropical Moist Lowland & Savanna - Dry & Shrubland - Subtropical/Tropical Dry;Insectivorous;Tree;Cavity;Tree;Yes;Klaas' Cuckoo;NA;NA;NA;NA
273;White-browed Forest-flycatcher;Fraseria cinerascens;NA;Forest - Subtropical/Tropical Moist Lowland;Omnivorous;Ground, shrub and tree;Cavity;Shrub;No;;6330000;NA;NA;Resident
274;Common Chaffinch;Fringilla coelebs;NA;Forest - Temperate;Omnivorous;Ground, shrub and tree;Open;Shrub and tree;No;;28200000;NA;NA;Migratory
275;Brambling;Fringilla montifringilla;NA;Forest - Temperate & Forest - Boreal;Omnivorous;Ground, shrub and tree;Open;Shrub and tree;Yes;Common cuckoo;20900000;NA;NA;Migratory
276;Blue-necked Jacamar;Galbula cyanicollis;NA;Forest - Subtropical/Tropical Moist Lowland & Forest - Subtropical/Tropical Swamp;Insectivorous;Air;Cavity;Shrub;NA;;3350000;900;NA;Resident
277;Common Moorhen;Gallinula chloropus;NA;Wetlands (inland) - Permanent Freshwater Lakes (over 8ha) & Wetlands (inland) - Permanent Freshwater Marshes/Pools (under 8ha);Omnivorous;Water/Ground;Open;Ground;No;;121000000;4000;NA;Migratory
278;Eurasian Jay;Garrulus glandarius;NA;Forest - Temperate;Omnivorous;Ground, shrub and tree;Open;Tree;No;;43100000;NA;NA;Resident
279;Common Loon;Gavia immer;NA;Wetlands (inland) - Tundra Wetlands (incl. pools and temporary waters from snowmelt) & Wetlands (inland) - Permanent Freshwater Lakes (over 8ha);Piscivore;Water;Open;Ground;No;;27200000;500;NA;Migratory
280;Black-eared Ground-thrush ;Geokichla camaronensis;Zoothera camaronensis;Forest - Subtropical/Tropical Moist Lowland;Insectivorous;Ground;Open;Shrub;NA;;NA;NA;NA;NA
281;Orange Ground-thrush;Geokichla gurneyi;Zoothera gurneyi;Forest - Subtropical/Tropical Moist Montane;Omnivorous;Ground;Open;Shrub;NA;;NA;NA;NA;NA
282;MacGillivray's warbler;Geothlypis tolmiei;Oporornis tolmiei;Forest - Temperate & Shrubland - Subtropical/Tropical Moist;Insectivorous;Ground and Shrub;Open;Shrub;Yes;Brown-headed cowbird;NA;NA;NA;NA
283;Common Yellowthroat;Geothlypis trichas;NA;Wetlands (inland) - Bogs, Marshes, Swamps, Fens, Peatlands;Insectivorous;Ground and Shrub;Open;Ground and Shrub;Yes;Brown-headed cowbird;12200000;2800;NA;Migratory
284;Chopi Blackbird;Gnorimopsar chopi;NA;Forest - Subtropical/Tropical Moist Lowland;Omnivorous;Ground;Cavity;NA;Yes;Molothrus rufoaxillaris, bonariensis ;8400000;1000;NA;Resident
285;Asian Pied Starling;Gracupica contra;Sturnus contra;Savanna - Dry & Grassland - Subtropical/Tropical Dry;Omnivorous;Ground;Closed;Tree;No;;NA;NA;NA;NA
286;Striated laughingthrush;Grammatoptila striata;Garrulax striatus;Forest - Subtropical/Tropical Moist Montane;Insectivorous;Tree;Open;Shrub and tree;NA;;NA;NA;NA;NA
287;Sahel bush sparrow;Gymnoris dentata;Petronia dentata;Savanna - Dry & Shrubland - Subtropical/Tropical Dry & Grassland - Subtropical/Tropical Dry & Desert - Hot;Omnivorous;Ground, shrub and tree;Cavity;Tree;NA;;NA;NA;NA;NA
288;Yellow-throated Bush-sparrow;Gymnoris superciliaris;NA;Savanna - Dry;Omnivorous;Ground and tree;Cavity;Tree;NA;;7150000;NA;NA;Resident
289;Griffon Vulture;Gyps fulvus;NA;Rocky areas (eg. inland cliffs, mountain peaks);Carnivore;Ground;Open;Ground;No;;20400000;3000;0;Migratory
290;House finch;Haemorhous mexicanus;Carpodacus mexicanus;Shrubland - Subtropical/Tropical Dry;Omnivorous;Ground, shrub and tree;Open;Shrub and tree;Yes ;Brown-headed cowbird;NA;NA;NA;NA
291;Woodland Kingfisher;Halcyon senegalensis;NA;Forest - Subtropical/Tropical Dry & Forest - Subtropical/Tropical Moist Lowland;Omnivorous;Ground;Cavity;Shrub and tree;No;;8550000;1500;NA;Migratory
292;Collared Sunbird;Hedydipna collaris;NA;Forest - Subtropical/Tropical Dry;Omnivorous;Shrub and tree;Closed;Shrub and tree;Yes;Klaas' Cuckoo;19700000;NA;NA;Resident
293;Icterine Warbler;Hippolais icterina;NA;Forest - Temperate & Forest - Boreal;Omnivorous;Ground, shrub and tree;Open;Shrub and tree;NA;;6350000;NA;NA;Migratory
294;Melodious Warbler;Hippolais polyglotta;NA;Forest - Temperate & Forest - Subtropical/Tropical Moist Lowland & Shrubland - Temperate;Omnivorous;Shrub and tree;Open;Shrub and tree;NA;;2750000;NA;NA;Migratory
295;Angola Swallow;Hirundo angolensis;NA;Savanna - Dry & Forest - Subtropical/Tropical Moist Lowland & Artificial/Terrestrial - Urban Areas;Insectivorous;Air;Open;Shrub and tree;No;;4940000;2600;NA;Migratory
296;Barn Swallow;Hirundo rustica;NA;Artificial/Terrestrial - Urban Areas & Artificial/Terrestrial - Pastureland;Insectivorous;Air;Open;Buildings;No;;193000000;3000;NA;Migratory
297;Green Hylia;Hylia prasina;NA;Forest - Subtropical/Tropical Moist Lowland;Insectivorous;Ground and Shrub;Closed;Shrub;NA;;7890000;NA;NA;Resident
298;Red-throated Twinspot;Hypargos niveoguttatus;NA;Savanna - Dry & Shrubland - Subtropical/Tropical Moist & Shrubland - Subtropical/Tropical Moist;Omnivorous;Ground;Closed;Ground and Shrub;Yes;Green Indigobird;4070000;NA;NA;Resident
299;Spix's Antwarbler;Hypocnemis striata;NA;Forest - Subtropical/Tropical Moist Lowland & Forest - Subtropical/Tropical Swamp;Insectivorous;NA;NA;NA;NA;;1410000;NA;NA;Resident
300;Band-tailed Antbird;Hypocnemoides maculicauda;NA;Forest - Subtropical/Tropical Moist Lowland & Forest - Subtropical/Tropical Swamp;Insectivorous;Water;Closed;Shrub;NA;;4560000;500;NA;Resident
301;Black-naped Monarch;Hypothymis azurea;NA;Forest - Subtropical/Tropical Moist Lowland;Insectivorous;Ground, shrub and tree;Open;Shrub and tree;No;;19800000;NA;NA;Migratory
302;Madagascar Bulbul;Hypsipetes madagascariensis;NA;Forest - Subtropical/Tropical Dry & Forest - Subtropical/Tropical Moist Lowland;Omnivorous;Ground, shrub and tree;Open;Shrub and tree;NA;;1030000;NA;NA;Resident
303;Yellow Oriole;Icterus nigrogularis;NA;Forest - Subtropical/Tropical Dry & Forest - Subtropical/Tropical Mangrove Vegetation Above High Tide Level & Savanna - Dry;Omnivorous;NA;Closed;Shrub and tree;Yes;Molothrus bonariensis;2690000;NA;NA;Resident
304;African Yellow Warbler;Iduna natalensis;Chloropeta natalensis;Shrubland - Subtropical/Tropical Moist;Insectivorous;Shrub;Open;Shrub;NA;;NA;NA;NA;NA
305;Olivaceous Warbler;Iduna pallida;NA;Shrubland - Mediterranean-type Shrubby Vegetation;Insectivorous;Ground and Tree;Open;Shrub and tree;NA;;18700000;2400;NA;Migratory
306;Mountain illadopsis;Illadopsis pyrrhoptera;NA;Forest - Subtropical/Tropical Moist Montane;Omnivorous;Ground and Shrub;Open;Shrub;NA;N nest =1;NA;NA;NA;NA
307;Pale-breasted Illadopsis;Illadopsis rufipennis;NA;Forest - Subtropical/Tropical Moist Lowland;Insectivorous;Ground, shrub and tree;Open;Shrub;Yes;Olive Long-tailed Cuckoo;5550000;2300;500;Resident
308;Greater Honeyguide;Indicator indicator;NA;Savanna - Dry;Omnivorous;NA;NA;NA;Yes;Parasatize at least 38 species;24600000;2000;NA;Resident
309;Scaly-throated Honeyguide;Indicator variegatus;NA;Forest - Subtropical/Tropical Moist Lowland & Savanna - Dry;Omnivorous;NA;NA;NA;Yes;Parasatize at least 7 species;9400000;2200;NA;Resident
310;African dwarf kingfisher;Ispidina lecontei;Ceyx lecontei;Forest - Subtropical/Tropical Moist Lowland;Insectivorous;Ground;Cavity;Ground;NA;;NA;NA;NA;NA
311;African Pygmy-kingfisher;Ispidina picta;Ceyx pictus;Forest - Subtropical/Tropical Moist Lowland & Forest - Subtropical/Tropical Swamp;Insectivorous;Water / Ground / Air;Cavity;Ground;NA;;NA;NA;NA;NA
312;Common Little Bittern;Ixobrychus minutus;NA;Forest - Subtropical/Tropical Mangrove Vegetation Above High Tide Level & Wetlands (inland) - Permanent Inland Deltas & Wetlands (inland) - Permanent Freshwater Lakes (over 8ha);Omnivorous;Ground;Open;Shrub;No;;33500000;1800;NA;Migratory
313;Varied Thrush;Ixoreus naevius;NA;Forest - Temperate & Forest - Boreal;Omnivorous;Ground;Open;Ground, shrub and tree;No;;4540000;NA;NA;Migratory
314;Dark-eyed Junco;Junco hyemalis;NA;Forest - Temperate & Forest - Boreal;Omnivorous;Tree, shrub and ground;Cavity;Ground;Yes;Brood parasite: Brown-headed Cowbird;17900000;3000;2600;Migratory
315;White-rumped Shama;Kittacincla malabarica;Copsychus malabaricus;Forest - Subtropical/Tropical Moist Lowland;Omnivorous;Ground and Shrub;Cavity;Shrub and tree;Yes;Probably some hawk cuckoos (Hierococcyx);NA;NA;NA;NA
316;African Firefinch;Lagonosticta rubricata;NA;Forest - Subtropical/Tropical Moist Montane & Savanna - Dry;Omnivorous;Ground;Closed;Shrub;Yes;Dusky Indigobird and Cameroon Indigobird;21700000;1800;NA;Resident
317;Greater Blue-eared Starling;Lamprotornis chalybaeus;NA;Savanna - Dry;Omnivorous;Ground, shrub and tree;Cavity;Shrub and tree;Yes;Great spotted cuckoo;22100000;NA;NA;Resident
318;Southern Boubou;Laniarius ferrugineus;NA;Forest - Subtropical/Tropical Dry & Forest - Subtropical/Tropical Moist Lowland;Omnivorous;Ground, shrub and tree;Open;Shrub and tree;Yes;Black and Jacobin cuckoo;1490000;NA;NA;Resident
319;Fuelleborn's Boubou;Laniarius fuelleborni;NA;Forest - Subtropical/Tropical Moist Lowland;Insectivorous;Shrub and tree;Open;Shrub;NA;;184000;2800;1170;Resident
320;Red-backed Shrike;Lanius collurio;NA;Artificial/Terrestrial - Pastureland & Shrubland - Temperate;Omnivorous;Ground and Shrub;Open;Shrub;No;;15700000;3200;NA;Migratory
321;European Herring Gull;Larus argentatus;NA;Marine Intertidal - Rocky Shoreline & Marine Intertidal - Sandy Shoreline and/or Beaches, Sand Bars, Spits, Etc;Omnivorous;Ground and water;Open;Ground;No;;7180000;2000;NA;Resident
322;Caspian Gull;Larus cachinnans;NA;Marine Intertidal - Sandy Shoreline and/or Beaches, Sand Bars, Spits, Etc & Marine Coastal/Supratidal - Sea Cliffs and Rocky Offshore Islands;Omnivorous;Ground and water;Open;Ground and Shrub;No;;5820000;NA;NA;Migratory
323;Herring Gull subspecies;Larus smithsonianus mongolicus;unclear classification;Marine Intertidal - Sandy Shoreline and/or Beaches, Sand Bars, Spits, Etc & Marine Coastal/Supratidal - Sea Cliffs and Rocky Offshore Islands;Omnivorous;Ground and water;Open;Ground and Shrub;No;;NA;NA;NA;NA
324;Japanese Robin ;Larvivora akahige;Erithacus akahige;Forest - Temperate;NA;Ground and Shrub;Open;Ground;NA;;NA;NA;NA;NA
325;Orange-crowned Warbler;Leiothlypis celata;Vermivora celata;Forest - Subtropical/Tropical Moist Lowland & Shrubland - Subarctic ;Insectivorous;Shrub and tree;Open;Ground;Yes;Brown-headed cowbird;NA;NA;NA;NA
326;Tennessee Warbler;Leiothlypis peregrina;NA;Forest - Temperate & Shrubland - Temperate;Omnivorous;Tree;Open;Ground;Yes;Brown-headed cowbird;6110000;NA;NA;Migratory
327;Purple-throated Sunbird;Leptocoma sperata;Nectarinia;Forest - Subtropical/Tropical Moist Lowland & Forest - Subtropical/Tropical Mangrove Vegetation Above High Tide Level;NA;NA;Open;Shrub;NA;Very few things known about this species;NA;NA;NA;NA
328;Bar-tailed Godwit;Limosa lapponica;NA;Wetlands (inland) - Tundra Wetlands (incl. pools and temporary waters from snowmelt) ;Arthropods;Ground;Open;Ground;No;;9050000;440;NA;Migratory
329;Scaly-breasted Munia;Lonchura punctulata;NA;Forest - Subtropical/Tropical Dry & Forest - Subtropical/Tropical Moist Lowland;Omnivorous;Ground, shrub and tree;Closed;Shrub and tree;No;;23000000;NA;NA;Resident
330;African grey hornbill;Lophoceros nasutus;Tockus nasutus;Forest - Subtropical/Tropical Dry & Savanna - Dry;Omnivorous;Ground, shrub and tree;Cavity;Shrub and tree;No;;NA;NA;NA;NA
331;Crested Tit;Lophophanes cristatus;NA;Forest - Temperate;Insectivorous;Shrub and tree;Cavity;Shrub and tree;No;;11600000;2300;NA;Resident
332;Red Crossbill;Loxia curvirostra;NA;Forest - Temperate;Granivore;Ground, shrub and tree;Open;Shrub and tree;No;;129000000;4100;800;Resident
333;Two-barred Crossbill;Loxia leucoptera;NA;Forest - Temperate & Forest - Boreal;Omnivorous;Tree, shrub and ground;Open;Tree;NA;Migratory and resident populations;47700000;NA;NA;Resident
334;Lesser Antillean Bullfinch;Loxigilla noctis;NA;Forest - Subtropical/Tropical Moist Lowland & Shrubland - Subtropical/Tropical Moist;Omnivorous;Shrub and tree;Closed;Shrub;NA;;167000;900;NA;Resident
335;Bluethroat;Cyanecula svecica;Luscinia;Wetlands (inland) - Seasonal/Intermittent Freshwater Marshes/Pools (under 8ha) & Marine Intertidal - Salt Marshes (Emergent Grasses);Insectivorous;Ground and Shrub;Open;Shrub;No;;NA;NA;NA;NA
336;Black-collared Barbet;Lybius torquatus;NA;Savanna - Dry & Grassland - Subtropical/Tropical Dry & Wetlands (inland) - Permanent Rivers/Streams/Creeks (includes waterfalls);Omnivorous;Shrub and tree;Cavity;Shrub and tree;Yes;Lesser Honeyguide;7120000;1820;NA;Resident
337;Black Grouse;Lyrurus tetrix;Tetrao tetrix;Forest - Temperate & Forest - Boreal;Omnivorous;Ground and Shrub;Open;Ground, shrub and tree;No;;NA;NA;NA;NA
338;Grey-headed Bush-shrike;Malaconotus blanchoti;NA;Savanna - Dry;Omnivorous;Ground, shrub and tree;Open;Shrub and tree;No;;23000000;NA;NA;Resident
339;Falcated Duck;Mareca falcata;Anas falcata;Wetlands (inland) - Bogs, Marshes, Swamps, Fens, Peatlands;Herbivorous;Water and ground;Open;Ground;No;;NA;NA;NA;NA
340;Tropical Screech-owl;Megascops choliba;NA;Forest - Subtropical/Tropical Moist Lowland;Omnivorous;Ground;Cavity;Tree;No;;17400000;2800;NA;Resident
341;Western Screech-owl;Megascops kennicottii;NA;Forest - Temperate & Forest - Subtropical/Tropical Dry & Forest - Subtropical/Tropical Moist Lowland;Omnivorous;Ground;Cavity;Tree;No;;7020000;2200;NA;Migratory
342;Pearly Antshrike;Megastictus margaritatus;NA;Forest - Subtropical/Tropical Dry & Forest - Subtropical/Tropical Moist Lowland;Insectivorous;Shrub and tree;Open;Shrub;NA;N nest =1;3410000;1250;NA;Resident
343;Miombo Tit;Melaniparus griseiventris;NA;Savanna - Dry;Insectivorous;Tree;Cavity;Ground and tree;Yes;Lesser Honeyguide;2990000;1950;915;Resident
344;Southern Black Tit;Melaniparus niger;NA;Forest - Subtropical/Tropical Dry & Savanna - Dry;Omnivorous;Tree;Cavity;Shrub and tree;Yes;Greater Honeyguide;3810000;1070;NA;Resident
345;Rufous-bellied Tit;Melaniparus rufiventris;NA;Forest - Subtropical/Tropical Dry & Savanna - Dry;Insectivorous;Tree;Cavity;Shrub and tree;NA;;3340000;2000;600;Resident
346;Lewin's Honeyeater;Meliphaga lewinii;NA;Forest - Temperate & Forest - Subtropical/Tropical Moist Lowland;Omnivorous;Ground, shrub and tree;Open;Shrub and tree;Yes;Fan-tailed and Pallid Cuckoo;1870000;NA;NA;Resident
347;Budgerigar;Melopsittacus undulatus;NA;Forest - Subtropical/Tropical Dry & Savanna - Dry;Granivore;Ground;Cavity;Tree;NA;;7160000;NA;NA;Resident
348;Lincoln's Sparrow;Melospiza lincolnii;NA;Shrubland - Boreal & Shrubland - Temperate & Grassland - Temperate;Omnivorous;Ground and Shrub;Open;Ground and Shrub;Yes;Brown-headed Cowbird;8130000;NA;NA;Migratory
349;Song Sparrow;Melospiza melodia;NA;Marine Intertidal - Sandy Shoreline and/or Beaches, Sand Bars, Spits, Etc & Marine Intertidal - Salt Marshes (Emergent Grasses);Omnivorous;Ground and Shrub;Open;Ground and Shrub;Yes;Brown-headed cowbird;24000000;2800;NA;Migratory
350;European Bee-eater;Merops apiaster;NA;Forest - Temperate & Shrubland - Temperate;Insectivorous;Air;Cavity;Ground;No;;12800000;2400;NA;Migratory
351;Rosy Bee-eater;Merops malimbicus;NA;Forest - Subtropical/Tropical Moist Lowland & Savanna - Dry;Insectivorous;Air;Cavity;Ground;No;;2610000;NA;NA;Migratory
352;Little Bee-eater;Merops pusillus;NA;Forest - Subtropical/Tropical Moist Lowland & Savanna - Dry;Insectivorous;Air;Cavity;Ground;No;;22000000;NA;NA;Resident
353;Brown-eared Bulbul ;Hypsipetes amaurotis;Microscelis;Forest - Subtropical/Tropical Moist Lowland;Omnivorous;NA;Open;Shrub and tree;NA;;NA;NA;NA;NA
354;Black Kite;Milvus migrans;NA;Forest - Temperate & Savanna - Dry & Desert - Hot;Omnivorous;Ground / Water;Open;Tree;;;159000000;4900;0;Migratory
355;Flappet Lark;Mirafra rufocinnamomea;NA;Savanna - Dry & Shrubland - Subtropical/Tropical Dry;Omnivorous;Ground;Closed;Ground;NA;;18800000;NA;NA;Resident
356;Brown-headed Cowbird;Molothrus ater;NA;Forest - Temperate;Omnivorous;Ground;NA;NA;Yes;Paratize 220 known species;15500000;2000;NA;Migratory
357;African Dusky Flycatcher;Muscicapa adusta;NA;Forest - Subtropical/Tropical Dry & Savanna - Dry;Omnivorous;Ground, shrub and tree;Open;Shrub and tree;Yes;Klaas's Red-chested, Jacoin Cuckoo and Green-backed Honeyguide;13700000;3400;NA;Resident
358;Spotted Flycatcher;Muscicapa striata;NA;Forest - Temperate & Shrubland - Temperate;Omnivorous;Ground, shrub and tree;Open;Shrub and tree;No;;19500000;2200;NA;Migratory
359;Short-crested Flycatcher;Myiarchus ferox;NA;Forest - Subtropical/Tropical Moist Lowland;Omnivorous;Shrub and tree;Cavity;Shrub;Yes;Shiny cowbird;13600000;1000;NA;Resident
360;Russet-crowned Warbler;Myiothlypis coronata;NA;Forest - Subtropical/Tropical Moist Montane;Insectivorous;Shrub and tree;Closed;Ground and Shrub;NA;;NA;NA;NA;Resident
361;Flavescent warbler;Myiothlypis flaveola;Basileuterus flaveolus;Forest - Subtropical/Tropical Dry;Insectivorous;Ground and Shrub;Closed;Ground and Shrub;NA;;NA;NA;NA;NA
362;Buff-rumped Warbler;Myiothlypis leucophrys;Basileuterus fulvicauda;Forest - Subtropical/Tropical Moist Lowland & Wetlands (inland) - Permanent Rivers/Streams/Creeks (includes waterfalls);Insectivorous;Ground and Shrub;Closed;Ground;Yes;Shiny cowbird;NA;NA;NA;NA
363;Arnot's Chat;Myrmecocichla arnotti;NA;Savanna - Dry;Insectivorous;Ground, shrub and tree;Cavity;Tree;No;;4550000;1750;NA;Resident
364;Bronze Sunbird;Nectarinia kilimensis;NA;Forest - Subtropical/Tropical Moist Lowland & Savanna - Dry;Omnivorous;Shrub;Closed;Shrub and tree;Yes;Klaas's Cuckoo;4160000;2350;1000;Resident
365;Babbling Starling;Neocichla gutturalis;NA;Savanna - Dry;Omnivorous;Ground;Cavity;Tree;NA;;1660000;NA;NA;Resident
366;White-tailed Ant-thrush;Neocossyphus poensis;NA;Forest - Subtropical/Tropical Moist Lowland;Insectivorous;Ground and Shrub;NA;NA;NA;;6240000;1500;NA;Resident
367;Brown Boobook;Ninox scutulata;NA;Forest - Subtropical/Tropical Moist Lowland;Omnivorous;Ground & Air;Cavity;Tree;NA;;15300000;1500;NA;Resident
368;Helmeted Guineafowl;Numida meleagris;NA;Forest - Subtropical/Tropical Dry & Savanna - Dry & Grassland - Temperate & Desert - Hot;Omnivorous;Ground and Shrub;Open;Ground;Yes;Parasitize Spur winged goose;24500000;3000;NA;Resident
369;White-throated antbird;Oneillornis salvini;Gymnopithys salvini;Forest - Subtropical/Tropical Moist Lowland;Insectivorous;Ground and Shrub;Cavity;Tree;NA;;NA;NA;NA;NA
370;Slender-billed Starling;Onychognathus tenuirostris;NA;Forest - Subtropical/Tropical Moist Montane & Rocky areas (eg. inland cliffs, mountain peaks);Omnivorous;Ground, shrub and tree;Open;Ground;NA;;2850000;4250;1200;Resident
371;African Golden Oriole;Oriolus auratus;NA;Forest - Subtropical/Tropical Moist Lowland & Savanna - Dry;Omnivorous;Ground and Tree;Open;Tree;Yes;Rarely by cuckoo;14300000;1850;NA;Migratory
372;Western Black-headed Oriole;Oriolus brachyrhynchus;NA;NA;Omnivorous;Shrub and tree;Open;Tree;NA;;NA;NA;NA;NA
373;Yellow-bellied Tit;Pardaliparus venustulus;NA;Forest - Subtropical/Tropical Moist Lowland;Omnivorous;Shrub;Cavity;Shrub;NA;;NA;NA;NA;NA
374;Spotted Pardalote;Pardalotus punctatus;NA;Forest - Temperate &  Savanna - Dry;Omnivorous;Tree;Cavity;Ground;NA;;6910000;2000;NA;Resident
375;Striated Pardalote;Pardalotus striatus;NA;Forest - Temperate & Shrubland - Temperate;Omnivorous;Tree;Cavity;Ground and tree;NA;;9930000;2000;NA;Migratory
376;Northern Waterthrush;Parkesia noveboracensis;Seuirus;Forest - Temperate & Wetlands (inland) - Permanent Rivers/Streams/Creeks (includes waterfalls);Omnivorous;Ground;Cavity;Ground and tree;Yes;Brown-headed cowbird;NA;NA;NA;NA
377;Woodhouse's Antpecker;Parmoptila woodhousei;NA;Forest - Subtropical/Tropical Moist Lowland;Omnivorous;Tree;Closed;Tree;NA;;3320000;NA;NA;Resident
378;Yellow-billed Cardinal;Paroaria capitata;NA;Shrubland - Subtropical/Tropical Moist;Omnivorous;Ground and Shrub;Open;Shrub and tree;NA;;2780000;500;NA;Resident
379;Red-cowled Cardinal;Paroaria dominicana;NA;Shrubland - Subtropical/Tropical Dry;Omnivorous;Ground;Open;Tree;NA;Few info on breeding.;1340000;1200;NA;Resident
380;Great Tit;Parus major;NA;Forest - Temperate;Omnivorous;Ground, shrub and tree;Cavity;Shrub and tree;NA;;89800000;4420;NA;Resident
381;House Sparrow;Passer domesticus;NA;Artificial/Terrestrial - Urban Areas;Omnivorous;Ground and Shrub;Cavity;Buildings and tree;No;;76600000;4500;NA;Resident
382;Savannah Sparrow;Passerculus sandwichensis;NA;Marine Coastal/Supratidal - Sea Cliffs and Rocky Offshore Islands & Shrubland - Temperate;Omnivorous;Ground;Open;Ground;Yes;Brood parasite: Brown-headed Cowbird;13400000;4000;NA;Migratory
383;Red Fox-sparrow;Passerella iliaca;NA;Forest - Temperate;Omnivorous;Ground and Shrub;Open;Ground and Shrub;Yes;Rarely by Brown-headed Cowbird;3530000;NA;NA;Migratory
384;Coal Tit;Periparus ater;NA;Forest - Temperate & Forest - Boreal;Omnivorous;Ground and Tree;Cavity;Tree;No;;52500000;4570;NA;Migratory
385;Cliff Swallow;Petrochelidon pyrrhonota;NA;Forest - Temperate & Grassland - Temperate;Insectivorous;Air;Cavity;Cliff;No;;4160000;3000;NA;Migratory
386;White-whiskered Hermit;Phaethornis yaruqui;NA;Forest - Subtropical/Tropical Moist Lowland;Omnivorous;NA;Closed;NA;NA;;252000;2000;NA;Resident
387;Great Cormorant;Phalacrocorax carbo;NA;Forest - Subtropical/Tropical Moist Lowland & Wetlands (inland) - Permanent Saline, Brackish or Alkaline Lakes & Wetlands (inland) - Bogs, Marshes, Swamps, Fens, Peatlands & Wetlands (inland) - Permanent Freshwater Lakes (over 8ha) & Marine Neritic - Subtidal Rock and Rocky Reefs;Piscivore;Water;Open;Ground, shrub, tree and cliff;NA;;304000000;NA;NA;Migratory
388;Moustached Wren;Pheugopedius genibarbis;NA;Forest - Subtropical/Tropical Moist Lowland;NA;Shrub;Closed;NA;NA;;8860000;1600;NA;Resident
389;South Island Saddleback;Philesturnus carunculatus;NA;Forest - Temperate;Omnivorous;Ground, shrub and tree;Cavity;Tree;No;;84200;600;0;Resident
390;Black-spotted Bare-eye;Phlegopsis nigromaculata;NA;Forest - Subtropical/Tropical Moist Lowland & Forest - Subtropical/Tropical Swamp;Insectivorous;Ground and Shrub;Cavity;Tree;NA;;6080000;900;NA;Resident
391;Common Redstart;Phoenicurus phoenicurus;NA;Forest - Subtropical/Tropical Dry & Shrubland - Subtropical/Tropical Dry;Omnivorous;Ground, shrub and tree;Cavity;Tree;Yes;Common cuckoo;19700000;2900;NA;Migratory
392;Patagonian Sierra-finch;Phrygilus patagonicus;NA;Forest - Temperate & Shrubland - Temperate;Omnivorous;Ground, shrub and tree;Open;Ground, shrub and tree;NA;;1210000;1800;NA;Migratory
393;Grey-olive Greenbul;Phyllastrephus cerviniventris;NA;Shrubland - Subtropical/Tropical Moist;Omnivorous;Ground and Shrub;Open;NA;NA;;2500000;NA;NA;Resident
394;Yellow-streaked Greenbul;Phyllastrephus flavostriatus;NA;Forest - Subtropical/Tropical Moist Montane;Omnivorous;Shrub and tree;Open;Shrub;No;;3420000;3000;NA;Resident
395;Icterine Greenbul;Phyllastrephus icterinus;NA;Forest - Subtropical/Tropical Moist Lowland;Omnivorous;Shrub and tree;Open;Shrub and tree;No;;3160000;NA;NA;Resident
396;Arctic Warbler;Phylloscopus borealis;NA;Shrubland - Boreal;Insectivorous;Shrub and tree;Open;Ground and Cavity;No;;8280000;2500;NA;Migratory
397;Common Chiffchaff;Phylloscopus collybita;NA;Forest - Temperate & Forest - Boreal;Insectivorous;Ground, shrub and tree;Open;Ground and Shrub;No;;15300000;3300;NA;Migratory
398;Hume's Leaf-warbler;Phylloscopus humei;NA;Forest - Temperate;Insectivorous;Ground, shrub and tree;Closed;Ground and Cavity;Yes;Lesser Cuckoo;4710000;3980;2000;Migratory
399;Iberian Chiffchaff;Phylloscopus ibericus;Phylloscopus brehmi;Forest - Subtropical/Tropical Dry & Shrubland - Mediterranean-type Shrubby Vegetation;NA;NA;NA;NA;NA;;NA;NA;NA;NA
400;Western Crowned Leaf-warbler;Phylloscopus occipitalis;NA;Forest - Temperate & Forest - Subtropical/Tropical Moist Lowland;Insectivorous;Shrub and tree;Cavity;Buildings and tree;Yes;Oriental and Lesser Cuckoos;486000;3200;2100;Migratory
401;Grey-cheeked Warbler;Phylloscopus poliogenys;Seicercus poliogenys;Forest - Temperate;Insectivorous;Shrub;Closed;Ground;NA;Poorly  known;NA;NA;NA;NA
402;Pallas's Leaf-warbler;Phylloscopus proregulus;NA;Forest - Boreal;Insectivorous;Shrub and tree;Open;Tree;NA;;2150000;1700;1500;Migratory
403;Yellow-throated Woodland-warbler;Phylloscopus ruficapilla;NA;Forest - Subtropical/Tropical Moist Montane;Insectivorous;Shrub and tree;Closed;Ground and Shrub;Yes;African Emerald Cuckoo;3730000;2350;NA;Resident
404;Greenish Warbler;Phylloscopus trochiloides;NA;Forest - Boreal;Omnivorous;Ground, shrub and tree;NA;Ground and Cavity;NA;;7170000;4500;NA;Migratory
405;Willow Warbler;Phylloscopus trochilus;NA;Forest - Temperate;Insectivorous;Ground, shrub and tree;Closed;Ground and Shrub;No;;22200000;1000;NA;Migratory
406;Black-billed Magpie;Pica hudsonia;NA;Forest - Temperate & Artificial/Terrestrial - Urban Areas;Omnivorous;Ground /Air;Closed;Shrub and tree;No;;13700000;NA;NA;Migratory
407;Yellow-billed magpie;Pica nutalli;NA;Forest - Temperate & Artificial/Terrestrial - Rural Gardens;Omnivorous;Ground /Air;Closed;Tree;No;;NA;NA;NA;NA
408;Eurasian Magpie;Pica pica;NA;Forest - Temperate & Artificial/Terrestrial - Urban Areas;Omnivorous;Ground /Air;Open/Closed;Tree;Yes;Great spotted cuckoo, Large Hawk Cuckoo and Western Koel;58600000;NA;NA;Migratory
409;Red-throated Piping-guan;Pipile cujubi;NA;Forest - Subtropical/Tropical Moist Lowland;NA;Ground;NA;NA;NA;Very few things known about this species;2810000;NA;NA;Resident
410;Green-tailed Towhee;Pipilo chlorurus;NA;Shrubland - Subtropical/Tropical Dry & Shrubland - Mediterranean-type Shrubby Vegetation;Omnivorous;Ground and Shrub;Open;Ground and Shrub;Yes;Brown-headed cowbird;2680000;NA;NA;Migratory
411;Spotted Towhee;Pipilo maculatus;NA;Forest - Subtropical/Tropical Moist Montane;Omnivorous;Ground and Shrub;Op;Ground and Shrub;Yes;Brown-headed and Bronzed Cowbirds;7390000;3300;NA;Migratory
412;Golden-headed Manakin;Ceratopipra erythrocephala;Pipra;Forest - Subtropical/Tropical Moist Lowland;Omnivorous;Ground / Air;Open;Shrub and tree;NA;;NA;NA;NA;NA
413;Red-headed Manakin;Ceratopipra rubrocapilla;Pipra;Forest - Subtropical/Tropical Moist Lowland;Omnivorous;Ground / Air;NA;Shrub and tree;NA;Very few things known about this species;NA;NA;NA;NA
414;Red Tanager;Piranga flava;NA;Forest - Subtropical/Tropical Dry & Savanna - Dry;Omnivorous;Tree;Open;Tree;NA;;9510000;2050;600;Migratory
415;Baglafecht Weaver;Ploceus baglafecht;NA;Forest - Subtropical/Tropical Dry & Grassland - Subtropical/Tropical Dry;;;;;;;6710000;NA;NA;Resident
416;Cape Weaver;Ploceus capensis;NA;Savanna - Dry & Shrubland - Subtropical/Tropical High Altitude;;;;;;;1320000;NA;NA;Resident
417;Village Weaver;Ploceus cucullatus;NA;Artificial/Terrestrial - Rural Gardens;;;;;;;23900000;NA;NA;Resident
418;Vieillot's Black Weaver;Ploceus nigerrimus;NA;Forest - Subtropical/Tropical Dry & Savanna - Dry;;;;;;;4250000;NA;NA;Resident
419;Black-necked Weaver;Ploceus nigricollis;NA;Forest - Subtropical/Tropical Moist Lowland & Forest - Subtropical/Tropical Mangrove Vegetation Above High Tide Level & Savanna - Dry;;;;;;;7060000;NA;NA;Resident
420;Spectacled Weaver;Ploceus ocularis;NA;Forest - Subtropical/Tropical Moist Lowland & Savanna - Dry & Shrubland - Subtropical/Tropical Moist & Wetlands (inland) - Permanent Rivers/Streams/Creeks (includes waterfalls);;;;;;;12500000;NA;NA;Resident
421;Principe Golden Weaver;Ploceus princeps;NA;Forest - Subtropical/Tropical Moist Lowland &  Shrubland - Subtropical/Tropical Dry;;;;;;;200;NA;NA;Resident
422;Sao Tome Weaver;Ploceus sanctithomae;NA;Forest - Subtropical/Tropical Moist Lowland;;;;;;;970;1600;NA;Resident
423;Southern Masked Weaver;Ploceus velatus;NA;Forest - Subtropical/Tropical Dry & Savanna - Dry & Wetlands (inland) - Permanent Rivers/Streams/Creeks (includes waterfalls);;;;;;;5670000;NA;NA;Resident
424;Holub's Golden Weaver;Ploceus xanthops;NA;Forest - Subtropical/Tropical Dry & Forest - Subtropical/Tropical Moist Lowland & Savanna - Dry;;;;;;;7700000;2300;1200;Resident
425;Pacific Golden Plover;Pluvialis fulva;NA;Grassland - Tundra;;;;;;;8240000;NA;NA;Migratory
426;Black-capped chickadee;Poecile atricapillus;NA;Forest - Temperate;;;;;;;NA;NA;NA;NA
427;Mountain Chickadee;Poecile gambeli;NA;Forest - Temperate & Forest - Subtropical/Tropical Moist Montane;;;;;;;4360000;3660;585;Resident
428;Boreal Chickadee;Poecile hudsonicus;NA;Forest - Boreal;Omnivorous;Tree, shrub and ground;Cavity;Tree;NA;;NA;NA;NA;NA
429;Willow Tit;Poecile montanus;NA;Forest - Temperate & Forest - Boreal;Omnivorous;Shrubs and tree;Cavity;Shrub;NA;;44300000;4275;NA;Resident
430;Moustached Green Tinkerbird;Pogoniulus leucomystax;NA;Forest - Subtropical/Tropical Moist Montane;;;;;;;960000;2500;450;Resident
431;White-starred Robin;Pogonocichla stellata;NA;Forest - Subtropical/Tropical Moist Lowland;;;;;;;5000000;4300;1600;Resident
432;Coral-billed Scimitar-babbler;Pomatorhinus ferruginosus;NA;Forest - Subtropical/Tropical Moist Lowland;;;;;;;215000;2400;400;Resident
433;Red-winged Prinia;Prinia erythroptera;Heliolais erythropterus;Savanna - Dry;;;;;;;NA;NA;NA;NA
434;Plain Prinia;Prinia inornata;NA;Shrubland - Subtropical/Tropical Dry & Grassland - Subtropical/Tropical Dry;Insectivorous;Ground and Shrub;Open;Shrub;Yes;Parasite: Plaintive Cuckoo;19200000;NA;NA;Resident
435;Cape Sugarbird;Promerops cafer;NA;Shrubland - Mediterranean-type Shrubby Vegetation;;;;;;;263000;NA;NA;Resident
436;Tui;Prosthemadera novaeseelandiae;NA;Forest - Temperate;;;;;;;2380000;NA;NA;Resident
437;Para Oropendola;Psarocolius bifasciatus;NA;Forest - Subtropical/Tropical Moist Lowland & Forest - Subtropical/Tropical Swamp;;;;;;;178000;NA;NA;Resident
438;Green Oropendola;Psarocolius viridis;NA;Forest - Subtropical/Tropical Swamp;;;;;;;6170000;1100;NA;Resident
439;Common Bulbul;Pycnonotus barbatus;NA;Forest - Subtropical/Tropical Moist Lowland & Forest - Subtropical/Tropical Swamp & Savanna - Dry;;;;;;;34600000;3000;NA;Resident
440;Red-vented Bulbul;Pycnonotus cafer;NA;Forest - Subtropical/Tropical Dry;;;;;;;7030000;NA;NA;Resident
441;Black-fronted Bulbul;Pycnonotus nigricans;NA;Savanna - Dry & Shrubland - Subtropical/Tropical Dry;;;;;;;2680000;NA;NA;Resident
442;White-spectacled Bulbul;Pycnonotus xanthopygos;NA;Forest - Subtropical/Tropical Dry & Shrubland - Subtropical/Tropical Dry;;;;;;;4540000;3200;NA;Resident
443;Orange-winged Pytilia;Pytilia afra;NA;Forest - Subtropical/Tropical Moist Lowland & Savanna - Dry;;;;;;;8140000;NA;NA;Resident
444;Green-winged Pytilia;Pytilia melba;NA;Savanna - Dry & Shrubland - Subtropical/Tropical Dry;;;;;;;24200000;NA;NA;Resident
445;Red-billed Quelea;Quelea quelea;NA;Artificial/Terrestrial - Arable Land & Artificial/Terrestrial - Pastureland;;;;;;;25800000;NA;NA;Resident
446;Ruby-crowned Kinglet;Regulus calendula;NA;Forest - Temperate;;;;;;;11600000;1300;NA;Migratory
447;Eastern Olivaceous Flatbill;Rhynchocyclus olivaceus;NA;Forest - Subtropical/Tropical Moist Lowland;;;;;;;6050000;1000;NA;Resident
448;African Comb Duck;Sarkidiornis melanotos;NA;Grassland - Subtropical/Tropical Seasonally Wet/Flooded & Wetlands (inland) - Permanent Rivers/Streams/Creeks (includes waterfalls) & Wetlands (inland) - Permanent Freshwater Lakes (over 8ha);;;;;;;53300000;1200;NA;Migratory
449;Red-chested Flufftail;Sarothrura rufa;NA;Grassland - Subtropical/Tropical Seasonally Wet/Flooded & Wetlands (inland) - Permanent Rivers/Streams/Creeks (includes waterfalls) & Wetlands (inland) - Permanent Freshwater Lakes (over 8ha);;;;;;;18100000;2700;NA;Resident
450;Whinchat;Saxicola rubetra;NA;Forest - Temperate & Artificial/Terrestrial - Arable Land & Shrubland - Boreal;;;;;;;17000000;3000;NA;Migratory
451;Indian Robin;Saxicoloides fulicatus;NA;Rocky areas (eg. inland cliffs, mountain peaks) & Shrubland - Subtropical/Tropical Dry;Insectivorous;Ground;Cavity;Shrub and tree;NA;;4850000;1600;NA;Resident
452;Red-winged francolin;Scleroptila levaillantii;Francolinus levaillantii;Grassland - Subtropical/Tropical High Altitude;;;;;;;NA;NA;NA;NA
453;Hamerkop;Scopus umbretta;NA;Grassland - Subtropical/Tropical Seasonally Wet/Flooded & Wetlands (inland) - Permanent Rivers/Streams/Creeks (includes waterfalls) & Wetlands (inland) - Permanent Freshwater Lakes (over 8ha);;;;;;;31100000;2400;NA;Resident
454;Green-backed Firecrown ;Sephanoides sephanoides;NA;Forest - Temperate  & Forest - Subtropical/Tropical Moist Montane & Shrubland - Temperate;;;;;;;NA;NA;NA;NA
455;Cape Canary;Serinus canicollis;NA;Savanna - Dry & Shrubland - Subtropical/Tropical Dry;;;;;;;1570000;3000;2000;Resident
456;European Serin;Serinus serinus;NA;Forest - Temperate & Artificial/Terrestrial - Urban Areas & Shrubland - Mediterranean-type Shrubby Vegetation;;;;;;;7090000;NA;NA;Migratory
457;Myrtle Warbler;Setophaga coronata; (Dendroica);Forest - Temperate & Forest - Boreal;Insectivorous;Tree, shrub and ground;Open;Ground and tree;Yes;Brood parasite: Brown-headed Cowbird;NA;NA;NA;NA
458;American Yellow Warbler;Setophaga petechia;NA;Forest - Temperate & Shrubland - Subtropical/Tropical Dry;;;;;;;15700000;3000;NA;Migratory
459;American Redstart;Setophaga ruticilla;NA;Forest - Temperate;;;;;;;14600000;NA;NA;Migratory
460;Blackpoll Warbler;Setophaga striata;NA;Forest - Boreal;Omnivorous;Tree;Open;Ground and tree;Very rarely;Brood parasite: Brown-headed Cowbird, very rarely;4870000;3000;600;Migratory
461;Sharpe's Akalat;Sheppardia sharpei;NA;Forest - Subtropical/Tropical Moist Montane;;;;;;;194000;NA;NA;Resident
462;White-breasted Nuthatch;Sitta carolinensis;NA;Forest - Temperate & Forest - Subtropical/Tropical Moist Montane;;;;;;;14900000;3600;1250;Resident
463;Eurasian Nuthatch;Sitta europaea;NA;Forest - Temperate & Forest - Boreal;Insectivorous;Tree and ground;Cavity;Tree;NA ;;51400000;2400;300;Resident
464;African Broadbill;Smithornis capensis;NA;Forest - Subtropical/Tropical Moist Lowland & Savanna - Dry & Shrubland - Subtropical/Tropical Moist;;;;;;;13600000;2550;NA;Resident
465;Blue-winged Teal;Spatula discors;Anas;Grassland - Temperate & Grassland - Subtropical/Tropical Seasonally Wet/Flooded & Wetlands (inland) - Bogs, Marshes, Swamps, Fens, Peatlands;;;;;;;NA;NA;NA;NA
466;Bronze Mannikin;Spermestes cucullata;Lonchura cucullata;Forest - Subtropical/Tropical Dry & Forest - Subtropical/Tropical Moist Lowland & Wetlands (inland) - Bogs, Marshes, Swamps, Fens, Peatlands;;;;;;;NA;NA;NA;NA
467;Black-chinned Siskin;Spinus barbatus;Carduelis barbata;Forest - Temperate & Shrubland - Temperate & Grassland - Temperate;;;;;;;NA;NA;NA;NA
468;Pine Siskin ;Spinus pinus;Carduelis pinus;Forest - Temperate & Forest - Boreal;;;;;;;NA;NA;NA;NA
469;Chipping Sparrow;Spizella passerina;NA;Forest - Temperate & Forest - Boreal;;;;;;;9880000;3800;NA;Migratory
470;American tree sparrow;Spizelloides arborea;Spizella arborea;NA;;;;;;;NA;NA;NA;NA
471;Rufous Flycatcher-thrush;Stizorhina fraseri;Neocossyphus fraseri;Forest - Subtropical/Tropical Moist Lowland;;;;;;;NA;NA;NA;NA
472;Oriental Turtle-dove;Streptopelia orientalis;NA;Forest - Boreal & Artificial/Terrestrial - Urban Areas & Forest - Subtropical/Tropical Dry;;;;;;;16500000;4000;NA;Migratory
473;Red-eyed Dove;Streptopelia semitorquata;NA;Artificial/Terrestrial - Urban Areas & Forest - Subtropical/Tropical Moist Lowland & Savanna - Dry;;;;;;;26000000;2100;200;Migratory
474;Spotted Owl;Strix occidentalis;NA;Forest - Temperate;;;;;;;3920000;2700;0;Resident
475;Red-breasted meadowlark;Sturnella militaris;NA;Artificial/Terrestrial - Arable Land & Artificial/Terrestrial - Pastureland;;;;;;;NA;NA;NA;NA
476;African hill babbler;Sylvia abyssinica;Pseudoalcippe abyssinica;Forest - Subtropical/Tropical Moist Montane;;;;;;;NA;NA;NA;NA
477;Eurasian Blackcap;Sylvia atricapilla;NA;Forest - Temperate;;;;;;;27800000;2200;NA;Migratory
478;Garden Warbler;Sylvia borin;NA;Forest - Temperate & Shrubland - Temperate;;;;;;;14700000;2300;NA;Migratory
479;Tree Swallow;Tachycineta bicolor;NA;Wetlands (inland) - Permanent Freshwater Lakes (over 8ha)  & Wetlands (inland) - Bogs, Marshes, Swamps, Fens, Peatlands & Wetlands (inland) - Seasonal/Intermittent Freshwater Marshes/Pools (under 8ha);;;;;;;8340000;50;NA;Migratory
480;White-lined Tanager;Tachyphonus rufus;NA;Forest - Subtropical/Tropical Dry & Savanna - Dry;;;;;;;15500000;1500;NA;Resident
481;Ruddy Shelduck;Tadorna ferruginea;NA;Grassland - Subtropical/Tropical Seasonally Wet/Flooded & Wetlands (inland) - Permanent Rivers/Streams/Creeks (includes waterfalls) & Wetlands (inland) - Permanent Freshwater Lakes (over 8ha);;;;;;;37900000;NA;NA;Migratory
482;Orange-flanked Bush-robin;Tarsiger cyanurus;(Luscinia cyanura);Forest - Boreal;Omnivorous;Ground and Shrub;Open;Ground and Tree;NA;;NA;NA;NA;NA
483;Knysna Turaco;Tauraco corythaix;NA;Forest - Subtropical/Tropical Moist Lowland;;;;;;;497000;1800;NA;Resident
484;Brown-crowned Tchagra;Tchagra australis;NA;Savanna - Dry & Shrubland - Subtropical/Tropical Dry;;;;;;;15100000;2500;NA;Resident
485;African Paradise-flycatcher;Terpsiphone viridis;NA;Savanna - Dry;;;;;;;25000000;2500;NA;Migratory
486;Western Capercaillie;Tetrao urogallus;NA;Forest - Temperate & Forest - Boreal;;;;;;;21700000;NA;NA;Resident
487;Mocking Cliff-chat;Thamnolaea cinnamomeiventris;NA;Savanna - Dry & Rocky areas (eg. inland cliffs, mountain peaks);;;;;;;21300000;2440;NA;Resident
488;Saturnine Antshrike;Thamnomanes saturninus;NA;Forest - Subtropical/Tropical Moist Lowland;;;;;;;2040000;650;NA;Resident
489;Amazonian Antshrike;Thamnophilus amazonicus;NA;Forest - Subtropical/Tropical Moist Lowland & Forest - Subtropical/Tropical Swamp;;;;;;;7120000;NA;NA;Resident
490;Variable Antshrike;Thamnophilus caerulescens;NA;Forest - Subtropical/Tropical Moist Montane;;;;;;;10600000;2800;NA;Resident
491;Planalto Slaty Antshrike;Thamnophilus pelzelni;NA;Forest - Subtropical/Tropical Dry & Forest - Subtropical/Tropical Moist Lowland;;;;;;;3320000;1100;400;Resident
492;Plain-winged Antshrike;Thamnophilus schistaceus;NA;Forest - Subtropical/Tropical Moist Lowland & Forest - Subtropical/Tropical Swamp;;;;;;;5160000;1100;NA;Resident
493;Crowned Hornbill;Tockus alboterminatus;NA;Forest - Subtropical/Tropical Moist Lowland;;;;;;;NA;NA;NA;NA
494;Crested Barbet;Trachyphonus vaillantii;NA;Savanna - Dry & Shrubland - Subtropical/Tropical Dry;;;;;;;5560000;1800;NA;Resident
495;African Green-pigeon;Treron calvus;NA;Forest - Subtropical/Tropical Moist Lowland & Savanna - Dry & Shrubland - Subtropical/Tropical Moist;;;;;;;17900000;NA;NA;Migratory
496;House Wren;Troglodytes aedon;NA;Forest - Subtropical/Tropical Moist Lowland & Savanna - Dry;;;;;;;49100000;3000;NA;Migratory
497;Southern House Wren;Troglodytes aedon musculus;subspecies in redlist;Forest - Subtropical/Tropical Moist Lowland & Savanna - Dry;;;;;;;NA;NA;NA;NA
498;Blackcap Babbler;Turdoides reinwardtii;NA;Forest - Subtropical/Tropical Dry;;;;;;;3700000;1000;NA;Resident
499;Abyssinian Thrush;Turdus abyssinicus;NA;Forest - Subtropical/Tropical Moist Montane;;;;;;;2740000;3780;900;Resident
500;Austral Thrush;Turdus falcklandii;NA;Forest - Temperate & Shrubland - Temperate;;;;;;;2590000;2150;NA;Migratory
501;Great Thrush;Turdus fuscater;NA;Forest - Subtropical/Tropical Moist Montane & Shrubland - Subtropical/Tropical High Altitude;;;;;;;3400000;4250;1500;Resident
502;Kurrichane Thrush;Turdus libonyana;NA;Savanna - Dry;;;;;;;6270000;2200;NA;Resident
503;Eurasian Blackbird;Turdus merula;NA;Forest - Temperate;;;;;;;32400000;2300;NA;Migratory
504;American Robin;Turdus migratorius;NA;Forest - Temperate;;;;;;;22700000;3500;1200;Migratory
505;Pale Thrush;Turdus pallidus;NA;Forest - Temperate;;;;;;;1710000;NA;NA;Migratory
506;African Thrush;Turdus pelios;NA;Forest - Subtropical/Tropical Dry & Forest - Subtropical/Tropical Moist Montane;;;;;;;14800000;3000;NA;Resident
507;Song Thrush;Turdus philomelos;NA;Forest - Temperate;;;;;;;23300000;2800;NA;Migratory
508;Fieldfare;Turdus pilaris;NA;Forest - Temperate & Forest - Boreal;;;;;;;21700000;NA;NA;Migratory
509;Tickell's Thrush;Turdus unicolor;NA;Forest - Temperate;;;;;;;617000;2400;1200;Migratory
510;Emerald-spotted Wood-dove;Turtur chalcospilos;NA;Forest - Subtropical/Tropical Moist Lowland & Savanna - Dry;;;;;;;12300000;2000;NA;Resident
511;Miombo scrub robin;Tychaedon barbata;Cercotrichas barbata;Savanna - Dry;;;;;;;NA;NA;NA;NA
512;Tropical Kingbird;Tyrannus melancholicus;NA;Shrubland - Subtropical/Tropical Dry & Shrubland - Subtropical/Tropical Moist;;;;;;;23100000;3100;NA;Migratory
513;Common Barn-owl;Tyto alba;NA;Artificial/Terrestrial - Arable Land & Artificial/Terrestrial - Pastureland & Savanna - Dry;;;;;;;330000000;4000;NA;Resident
514;Common Scale-backed Antbird;Willisornis poecilinotus;NA;Forest - Subtropical/Tropical Moist Lowland;;;;;;;6490000;1350;NA;Resident
515;Spectacled Tetraka;Xanthomixis zosterops;NA;Forest - Subtropical/Tropical Moist Lowland;;;;;;;445000;NA;NA;Resident
516;Rufous-collared Sparrow;Zonotrichia capensis;NA;Artificial/Terrestrial - Arable Land & Savanna - Dry & Shrubland - Subtropical/Tropical Dry;;;;;;;25500000;3500;NA;Migratory
517;White-crowned Sparrow;Zonotrichia leucophrys;NA;Forest - Boreal & Shrubland - Temperate & Grassland - Tundra;Insectivorous;Ground and Shrub;Open;Ground and Shrub;Yes;Brood parasite: Brown-headed Cowbird;10600000;NA;NA;Migratory
518;Vanuatu White-eye;Zosterops flavifrons;NA;Forest - Subtropical/Tropical Moist Lowland;;;;;;;117000;NA;NA;Resident
519;Annobon White-eye;Zosterops griseovirescens;NA;Artificial/Terrestrial - Plantations & Forest - Subtropical/Tropical Moist Lowland;;;;;;;17;655;NA;Resident
520;Silvereye;Zosterops lateralis;NA;Forest - Temperate & Shrubland - Subtropical/Tropical Dry;;;;;;;21100000;1850;NA;Migratory
521;African Yellow White-eye;Zosterops senegalensis;NA;Forest - Subtropical/Tropical Dry & Savanna - Dry;;;;;;;19600000;1600;NA;Resident
522;Green-backed White-eye;Zosterops xanthochroa;NA;Forest - Subtropical/Tropical Moist Lowland;;;;;;;52100;1000;NA;Resident
